World Food Price.Food Group	Table3.Date.Variation.Date Hierarchy.Year	Table3.Date.Variation.Date Hierarchy.Month	Sum(World Food Price.Price)	
FAO CEREAL PRICE INDEX	2003	January	58.00011834	55.54906969
FAO DAIRY FOOD PRICE INDEX	2003	January	51.25635366	55.54906969
FAO MEAT PRICE INDEX	2003	January	53.08001272	55.54906969
FAO SUGAR PRICE INDEX	2003	January	50.68446824	55.54906969
FAO VEGETABLE OIL PRICE INDEX	2003	January	64.3232152	55.54906969
FOOD PRICE INDEX	2003	January	55.95024997	55.54906969
FAO CEREAL PRICE INDEX	2003	February	57.84258646	56.60622685
FAO DAIRY FOOD PRICE INDEX	2003	February	53.09496815	56.60622685
FAO MEAT PRICE INDEX	2003	February	54.11526065	56.60622685
FAO SUGAR PRICE INDEX	2003	February	55.69721785	56.60622685
FAO VEGETABLE OIL PRICE INDEX	2003	February	62.35311699	56.60622685
FOOD PRICE INDEX	2003	February	56.53421102	56.60622685
FAO CEREAL PRICE INDEX	2003	March	56.51207985	55.076409
FAO DAIRY FOOD PRICE INDEX	2003	March	53.70871816	55.076409
FAO MEAT PRICE INDEX	2003	March	54.5484758	55.076409
FAO SUGAR PRICE INDEX	2003	March	50.93201143	55.076409
FAO VEGETABLE OIL PRICE INDEX	2003	March	59.2341351	55.076409
FOOD PRICE INDEX	2003	March	55.52303365	55.076409
FAO CEREAL PRICE INDEX	2003	April	56.42583185	54.63815643
FAO DAIRY FOOD PRICE INDEX	2003	April	52.65788059	54.63815643
FAO MEAT PRICE INDEX	2003	April	55.65297327	54.63815643
FAO SUGAR PRICE INDEX	2003	April	47.96149314	54.63815643
FAO VEGETABLE OIL PRICE INDEX	2003	April	59.56691651	54.63815643
FOOD PRICE INDEX	2003	April	55.56384319	54.63815643
FAO CEREAL PRICE INDEX	2003	May	58.20091146	54.81805029
FAO DAIRY FOOD PRICE INDEX	2003	May	52.63450157	54.81805029
FAO MEAT PRICE INDEX	2003	May	56.31506144	54.81805029
FAO SUGAR PRICE INDEX	2003	May	44.37211688	54.81805029
FAO VEGETABLE OIL PRICE INDEX	2003	May	61.09159937	54.81805029
FOOD PRICE INDEX	2003	May	56.29411102	54.81805029
FAO CEREAL PRICE INDEX	2003	June	57.68224677	54.34561035
FAO DAIRY FOOD PRICE INDEX	2003	June	52.5970357	54.34561035
FAO MEAT PRICE INDEX	2003	June	56.20313151	54.34561035
FAO SUGAR PRICE INDEX	2003	June	41.58725599	54.34561035
FAO VEGETABLE OIL PRICE INDEX	2003	June	61.95542167	54.34561035
FOOD PRICE INDEX	2003	June	56.04857048	54.34561035
FAO CEREAL PRICE INDEX	2003	July	56.46299908	54.66069672
FAO DAIRY FOOD PRICE INDEX	2003	July	53.15265357	54.66069672
FAO MEAT PRICE INDEX	2003	July	60.45571509	54.66069672
FAO SUGAR PRICE INDEX	2003	July	42.32988556	54.66069672
FAO VEGETABLE OIL PRICE INDEX	2003	July	58.83860377	54.66069672
FOOD PRICE INDEX	2003	July	56.72432324	54.66069672
FAO CEREAL PRICE INDEX	2003	August	59.89639592	55.19602906
FAO DAIRY FOOD PRICE INDEX	2003	August	53.61300349	55.19602906
FAO MEAT PRICE INDEX	2003	August	60.73225174	55.19602906
FAO SUGAR PRICE INDEX	2003	August	42.26799976	55.19602906
FAO VEGETABLE OIL PRICE INDEX	2003	August	57.08945295	55.19602906
FOOD PRICE INDEX	2003	August	57.57707053	55.19602906
FAO CEREAL PRICE INDEX	2003	September	60.52535775	55.63506048
FAO DAIRY FOOD PRICE INDEX	2003	September	55.22321614	55.63506048
FAO MEAT PRICE INDEX	2003	September	62.96442753	55.63506048
FAO SUGAR PRICE INDEX	2003	September	37.03021089	55.63506048
FAO VEGETABLE OIL PRICE INDEX	2003	September	59.33497306	55.63506048
FOOD PRICE INDEX	2003	September	58.73217748	55.63506048
FAO CEREAL PRICE INDEX	2003	October	60.59597196	57.58124574
FAO DAIRY FOOD PRICE INDEX	2003	October	57.5927651	57.58124574
FAO MEAT PRICE INDEX	2003	October	62.70584333	57.58124574
FAO SUGAR PRICE INDEX	2003	October	36.87586331	57.58124574
FAO VEGETABLE OIL PRICE INDEX	2003	October	67.38665883	57.58124574
FOOD PRICE INDEX	2003	October	60.33037192	57.58124574
FAO CEREAL PRICE INDEX	2003	November	64.77850472	58.96033403
FAO DAIRY FOOD PRICE INDEX	2003	November	58.55998643	58.96033403
FAO MEAT PRICE INDEX	2003	November	62.17200214	58.96033403
FAO SUGAR PRICE INDEX	2003	November	37.62656494	58.96033403
FAO VEGETABLE OIL PRICE INDEX	2003	November	68.83389281	58.96033403
FOOD PRICE INDEX	2003	November	61.79105312	58.96033403
FAO CEREAL PRICE INDEX	2003	December	65.67672643	59.92031573
FAO DAIRY FOOD PRICE INDEX	2003	December	59.7178506	59.92031573
FAO MEAT PRICE INDEX	2003	December	61.22920668	59.92031573
FAO SUGAR PRICE INDEX	2003	December	38.89080338	59.92031573
FAO VEGETABLE OIL PRICE INDEX	2003	December	71.56378627	59.92031573
FOOD PRICE INDEX	2003	December	62.44352103	59.92031573
FAO CEREAL PRICE INDEX	2004	January	66.92288497	60.87245906
FAO DAIRY FOOD PRICE INDEX	2004	January	60.94762088	60.87245906
FAO MEAT PRICE INDEX	2004	January	65.93828478	60.87245906
FAO SUGAR PRICE INDEX	2004	January	35.92912592	60.87245906
FAO VEGETABLE OIL PRICE INDEX	2004	January	71.21869198	60.87245906
FOOD PRICE INDEX	2004	January	64.2781458	60.87245906
FAO CEREAL PRICE INDEX	2004	February	67.48168079	62.14916069
FAO DAIRY FOOD PRICE INDEX	2004	February	64.32824776	62.14916069
FAO MEAT PRICE INDEX	2004	February	63.82470741	62.14916069
FAO SUGAR PRICE INDEX	2004	February	36.16296583	62.14916069
FAO VEGETABLE OIL PRICE INDEX	2004	February	76.06333012	62.14916069
FOOD PRICE INDEX	2004	February	65.03403226	62.14916069
FAO CEREAL PRICE INDEX	2004	March	68.46616512	63.89922772
FAO DAIRY FOOD PRICE INDEX	2004	March	65.24808043	63.89922772
FAO MEAT PRICE INDEX	2004	March	66.32455661	63.89922772
FAO SUGAR PRICE INDEX	2004	March	39.96208113	63.89922772
FAO VEGETABLE OIL PRICE INDEX	2004	March	76.73328079	63.89922772
FOOD PRICE INDEX	2004	March	66.66120222	63.89922772
FAO CEREAL PRICE INDEX	2004	April	70.24966811	64.4587443
FAO DAIRY FOOD PRICE INDEX	2004	April	65.81146313	64.4587443
FAO MEAT PRICE INDEX	2004	April	66.29510282	64.4587443
FAO SUGAR PRICE INDEX	2004	April	40.69300622	64.4587443
FAO VEGETABLE OIL PRICE INDEX	2004	April	76.45253651	64.4587443
FOOD PRICE INDEX	2004	April	67.25068902	64.4587443
FAO CEREAL PRICE INDEX	2004	May	68.84606489	63.58252621
FAO DAIRY FOOD PRICE INDEX	2004	May	67.76786818	63.58252621
FAO MEAT PRICE INDEX	2004	May	65.78091225	63.58252621
FAO SUGAR PRICE INDEX	2004	May	39.22908139	63.58252621
FAO VEGETABLE OIL PRICE INDEX	2004	May	73.51595748	63.58252621
FOOD PRICE INDEX	2004	May	66.35527306	63.58252621
FAO CEREAL PRICE INDEX	2004	June	66.39026459	63.49257315
FAO DAIRY FOOD PRICE INDEX	2004	June	70.74094548	63.49257315
FAO MEAT PRICE INDEX	2004	June	68.79103727	63.49257315
FAO SUGAR PRICE INDEX	2004	June	42.88685774	63.49257315
FAO VEGETABLE OIL PRICE INDEX	2004	June	66.06363235	63.49257315
FOOD PRICE INDEX	2004	June	66.08270148	63.49257315
FAO CEREAL PRICE INDEX	2004	July	60.70945305	63.89111921
FAO DAIRY FOOD PRICE INDEX	2004	July	72.56498935	63.89111921
FAO MEAT PRICE INDEX	2004	July	70.71367948	63.89111921
FAO SUGAR PRICE INDEX	2004	July	48.97698282	63.89111921
FAO VEGETABLE OIL PRICE INDEX	2004	July	64.81972209	63.89111921
FOOD PRICE INDEX	2004	July	65.56188848	63.89111921
FAO CEREAL PRICE INDEX	2004	August	59.09336885	62.92871294
FAO DAIRY FOOD PRICE INDEX	2004	August	72.74244704	62.92871294
FAO MEAT PRICE INDEX	2004	August	68.93096736	62.92871294
FAO SUGAR PRICE INDEX	2004	August	46.88411767	62.92871294
FAO VEGETABLE OIL PRICE INDEX	2004	August	65.44023197	62.92871294
FOOD PRICE INDEX	2004	August	64.48114476	62.92871294
FAO CEREAL PRICE INDEX	2004	September	59.97720176	63.66008829
FAO DAIRY FOOD PRICE INDEX	2004	September	73.3043964	63.66008829
FAO MEAT PRICE INDEX	2004	September	69.60988034	63.66008829
FAO SUGAR PRICE INDEX	2004	September	47.57048742	63.66008829
FAO VEGETABLE OIL PRICE INDEX	2004	September	66.27003741	63.66008829
FOOD PRICE INDEX	2004	September	65.22852641	63.66008829
FAO CEREAL PRICE INDEX	2004	October	59.33595437	63.9398188
FAO DAIRY FOOD PRICE INDEX	2004	October	73.79475609	63.9398188
FAO MEAT PRICE INDEX	2004	October	67.67760699	63.9398188
FAO SUGAR PRICE INDEX	2004	October	52.30233981	63.9398188
FAO VEGETABLE OIL PRICE INDEX	2004	October	65.80293522	63.9398188
FOOD PRICE INDEX	2004	October	64.72532032	63.9398188
FAO CEREAL PRICE INDEX	2004	November	60.02006363	64.37565719
FAO DAIRY FOOD PRICE INDEX	2004	November	75.12101921	64.37565719
FAO MEAT PRICE INDEX	2004	November	68.29184309	64.37565719
FAO SUGAR PRICE INDEX	2004	November	50.50724982	64.37565719
FAO VEGETABLE OIL PRICE INDEX	2004	November	66.93783393	64.37565719
FOOD PRICE INDEX	2004	November	65.37593349	64.37565719
FAO CEREAL PRICE INDEX	2004	December	60.52619769	64.60322275
FAO DAIRY FOOD PRICE INDEX	2004	December	75.81473677	64.60322275
FAO MEAT PRICE INDEX	2004	December	68.60121135	64.60322275
FAO SUGAR PRICE INDEX	2004	December	51.04771096	64.60322275
FAO VEGETABLE OIL PRICE INDEX	2004	December	66.02137322	64.60322275
FOOD PRICE INDEX	2004	December	65.60810649	64.60322275
FAO CEREAL PRICE INDEX	2005	January	60.49896336	64.6389087
FAO DAIRY FOOD PRICE INDEX	2005	January	76.21881756	64.6389087
FAO MEAT PRICE INDEX	2005	January	68.61124206	64.6389087
FAO SUGAR PRICE INDEX	2005	January	53.96736246	64.6389087
FAO VEGETABLE OIL PRICE INDEX	2005	January	63.14893798	64.6389087
FOOD PRICE INDEX	2005	January	65.38812876	64.6389087
FAO CEREAL PRICE INDEX	2005	February	60.27037833	65.24034694
FAO DAIRY FOOD PRICE INDEX	2005	February	76.66764719	65.24034694
FAO MEAT PRICE INDEX	2005	February	70.02858819	65.24034694
FAO SUGAR PRICE INDEX	2005	February	56.33154727	65.24034694
FAO VEGETABLE OIL PRICE INDEX	2005	February	62.26632198	65.24034694
FOOD PRICE INDEX	2005	February	65.87759866	65.24034694
FAO CEREAL PRICE INDEX	2005	March	61.54803978	66.33714809
FAO DAIRY FOOD PRICE INDEX	2005	March	77.00667738	66.33714809
FAO MEAT PRICE INDEX	2005	March	70.62158326	66.33714809
FAO SUGAR PRICE INDEX	2005	March	54.96266033	66.33714809
FAO VEGETABLE OIL PRICE INDEX	2005	March	66.74267313	66.33714809
FOOD PRICE INDEX	2005	March	67.14125464	66.33714809
FAO CEREAL PRICE INDEX	2005	April	59.54505268	64.80909146
FAO DAIRY FOOD PRICE INDEX	2005	April	76.17646356	64.80909146
FAO MEAT PRICE INDEX	2005	April	69.30113539	64.80909146
FAO SUGAR PRICE INDEX	2005	April	53.1569532	64.80909146
FAO VEGETABLE OIL PRICE INDEX	2005	April	65.07478932	64.80909146
FOOD PRICE INDEX	2005	April	65.60015461	64.80909146
FAO CEREAL PRICE INDEX	2005	May	59.36642199	65.23083272
FAO DAIRY FOOD PRICE INDEX	2005	May	76.51078968	65.23083272
FAO MEAT PRICE INDEX	2005	May	71.84785367	65.23083272
FAO SUGAR PRICE INDEX	2005	May	53.13205153	65.23083272
FAO VEGETABLE OIL PRICE INDEX	2005	May	64.22690057	65.23083272
FOOD PRICE INDEX	2005	May	66.30097886	65.23083272
FAO CEREAL PRICE INDEX	2005	June	60.16411971	66.2224016
FAO DAIRY FOOD PRICE INDEX	2005	June	76.36046465	66.2224016
FAO MEAT PRICE INDEX	2005	June	72.99314524	66.2224016
FAO SUGAR PRICE INDEX	2005	June	56.01508581	66.2224016
FAO VEGETABLE OIL PRICE INDEX	2005	June	64.63713856	66.2224016
FOOD PRICE INDEX	2005	June	67.16445562	66.2224016
FAO CEREAL PRICE INDEX	2005	July	61.18218108	66.95086966
FAO DAIRY FOOD PRICE INDEX	2005	July	77.0991157	66.95086966
FAO MEAT PRICE INDEX	2005	July	71.9111965	66.95086966
FAO SUGAR PRICE INDEX	2005	July	59.65201501	66.95086966
FAO VEGETABLE OIL PRICE INDEX	2005	July	64.43517446	66.95086966
FOOD PRICE INDEX	2005	July	67.42553521	66.95086966
FAO CEREAL PRICE INDEX	2005	August	60.94778954	67.17212903
FAO DAIRY FOOD PRICE INDEX	2005	August	78.34242864	67.17212903
FAO MEAT PRICE INDEX	2005	August	72.28519509	67.17212903
FAO SUGAR PRICE INDEX	2005	August	61.48219458	67.17212903
FAO VEGETABLE OIL PRICE INDEX	2005	August	62.50964335	67.17212903
FOOD PRICE INDEX	2005	August	67.465523	67.17212903
FAO CEREAL PRICE INDEX	2005	September	61.53264342	68.28461386
FAO DAIRY FOOD PRICE INDEX	2005	September	78.74656267	68.28461386
FAO MEAT PRICE INDEX	2005	September	73.20944352	68.28461386
FAO SUGAR PRICE INDEX	2005	September	63.80425733	68.28461386
FAO VEGETABLE OIL PRICE INDEX	2005	September	64.00235215	68.28461386
FOOD PRICE INDEX	2005	September	68.41242409	68.28461386
FAO CEREAL PRICE INDEX	2005	October	62.07397202	69.81687102
FAO DAIRY FOOD PRICE INDEX	2005	October	78.49946709	69.81687102
FAO MEAT PRICE INDEX	2005	October	73.30522635	69.81687102
FAO SUGAR PRICE INDEX	2005	October	68.82584777	69.81687102
FAO VEGETABLE OIL PRICE INDEX	2005	October	66.80753884	69.81687102
FOOD PRICE INDEX	2005	October	69.38917408	69.81687102
FAO CEREAL PRICE INDEX	2005	November	60.59673004	69.46404722
FAO DAIRY FOOD PRICE INDEX	2005	November	77.96557629	69.46404722
FAO MEAT PRICE INDEX	2005	November	73.50624011	69.46404722
FAO SUGAR PRICE INDEX	2005	November	70.43391405	69.46404722
FAO VEGETABLE OIL PRICE INDEX	2005	November	65.44132747	69.46404722
FOOD PRICE INDEX	2005	November	68.84049538	69.46404722
FAO CEREAL PRICE INDEX	2005	December	61.47283845	71.26886978
FAO DAIRY FOOD PRICE INDEX	2005	December	76.92674117	71.26886978
FAO MEAT PRICE INDEX	2005	December	73.61673805	71.26886978
FAO SUGAR PRICE INDEX	2005	December	82.58512343	71.26886978
FAO VEGETABLE OIL PRICE INDEX	2005	December	63.49195563	71.26886978
FOOD PRICE INDEX	2005	December	69.51982197	71.26886978
FAO CEREAL PRICE INDEX	2006	January	62.74352302	72.94459059
FAO DAIRY FOOD PRICE INDEX	2006	January	74.33502425	72.94459059
FAO MEAT PRICE INDEX	2006	January	70.04696763	72.94459059
FAO SUGAR PRICE INDEX	2006	January	97.45244957	72.94459059
FAO VEGETABLE OIL PRICE INDEX	2006	January	63.67327271	72.94459059
FOOD PRICE INDEX	2006	January	69.41630633	72.94459059
FAO CEREAL PRICE INDEX	2006	February	64.79107313	75.56984772
FAO DAIRY FOOD PRICE INDEX	2006	February	74.45543302	75.56984772
FAO MEAT PRICE INDEX	2006	February	67.70402217	75.56984772
FAO SUGAR PRICE INDEX	2006	February	111.0540638	75.56984772
FAO VEGETABLE OIL PRICE INDEX	2006	February	64.98834716	75.56984772
FOOD PRICE INDEX	2006	February	70.42614704	75.56984772
FAO CEREAL PRICE INDEX	2006	March	63.92847484	74.17413449
FAO DAIRY FOOD PRICE INDEX	2006	March	73.06998019	74.17413449
FAO MEAT PRICE INDEX	2006	March	66.79460012	74.17413449
FAO SUGAR PRICE INDEX	2006	March	106.6964964	74.17413449
FAO VEGETABLE OIL PRICE INDEX	2006	March	65.15630922	74.17413449
FOOD PRICE INDEX	2006	March	69.39894612	74.17413449
FAO CEREAL PRICE INDEX	2006	April	65.12106362	74.59934825
FAO DAIRY FOOD PRICE INDEX	2006	April	71.60039967	74.59934825
FAO MEAT PRICE INDEX	2006	April	66.18312644	74.59934825
FAO SUGAR PRICE INDEX	2006	April	108.2245076	74.59934825
FAO VEGETABLE OIL PRICE INDEX	2006	April	66.75830034	74.59934825
FOOD PRICE INDEX	2006	April	69.70869181	74.59934825
FAO CEREAL PRICE INDEX	2006	May	67.78712247	75.06923173
FAO DAIRY FOOD PRICE INDEX	2006	May	71.25965795	75.06923173
FAO MEAT PRICE INDEX	2006	May	67.99182905	75.06923173
FAO SUGAR PRICE INDEX	2006	May	104.0978055	75.06923173
FAO VEGETABLE OIL PRICE INDEX	2006	May	68.28309273	75.06923173
FOOD PRICE INDEX	2006	May	70.99588269	75.06923173
FAO CEREAL PRICE INDEX	2006	June	67.78429956	73.92833868
FAO DAIRY FOOD PRICE INDEX	2006	June	71.00055587	73.92833868
FAO MEAT PRICE INDEX	2006	June	70.44927448	73.92833868
FAO SUGAR PRICE INDEX	2006	June	95.30131532	73.92833868
FAO VEGETABLE OIL PRICE INDEX	2006	June	67.93735982	73.92833868
FOOD PRICE INDEX	2006	June	71.097227	73.92833868
FAO CEREAL PRICE INDEX	2006	July	69.85457889	75.93184968
FAO DAIRY FOOD PRICE INDEX	2006	July	71.28180874	75.93184968
FAO MEAT PRICE INDEX	2006	July	71.79553436	75.93184968
FAO SUGAR PRICE INDEX	2006	July	99.32670516	75.93184968
FAO VEGETABLE OIL PRICE INDEX	2006	July	70.44588721	75.93184968
FOOD PRICE INDEX	2006	July	72.88658373	75.93184968
FAO CEREAL PRICE INDEX	2006	August	69.64621691	73.96429749
FAO DAIRY FOOD PRICE INDEX	2006	August	70.29798391	73.96429749
FAO MEAT PRICE INDEX	2006	August	74.18336143	73.96429749
FAO SUGAR PRICE INDEX	2006	August	83.24985121	73.96429749
FAO VEGETABLE OIL PRICE INDEX	2006	August	73.54572924	73.96429749
FOOD PRICE INDEX	2006	August	72.86264223	73.96429749
FAO CEREAL PRICE INDEX	2006	September	72.53916249	72.86561821
FAO DAIRY FOOD PRICE INDEX	2006	September	70.34392992	72.86561821
FAO MEAT PRICE INDEX	2006	September	74.81864572	72.86561821
FAO SUGAR PRICE INDEX	2006	September	74.77867211	72.86561821
FAO VEGETABLE OIL PRICE INDEX	2006	September	71.7034921	72.86561821
FOOD PRICE INDEX	2006	September	73.00980691	72.86561821
FAO CEREAL PRICE INDEX	2006	October	79.8575429	74.17347619
FAO DAIRY FOOD PRICE INDEX	2006	October	71.90488977	74.17347619
FAO MEAT PRICE INDEX	2006	October	73.6300426	74.17347619
FAO SUGAR PRICE INDEX	2006	October	72.03225542	74.17347619
FAO VEGETABLE OIL PRICE INDEX	2006	October	72.69758564	74.17347619
FOOD PRICE INDEX	2006	October	74.91854081	74.17347619
FAO CEREAL PRICE INDEX	2006	November	85.33230129	76.91666749
FAO DAIRY FOOD PRICE INDEX	2006	November	75.39288215	76.91666749
FAO MEAT PRICE INDEX	2006	November	72.06176863	76.91666749
FAO SUGAR PRICE INDEX	2006	November	72.8958436	76.91666749
FAO VEGETABLE OIL PRICE INDEX	2006	November	78.34697736	76.91666749
FOOD PRICE INDEX	2006	November	77.47023194	76.91666749
FAO CEREAL PRICE INDEX	2006	December	85.35516442	78.47546765
FAO DAIRY FOOD PRICE INDEX	2006	December	81.69783662	78.47546765
FAO MEAT PRICE INDEX	2006	December	70.62015012	78.47546765
FAO SUGAR PRICE INDEX	2006	December	71.60776172	78.47546765
FAO VEGETABLE OIL PRICE INDEX	2006	December	83.00505254	78.47546765
FOOD PRICE INDEX	2006	December	78.56684047	78.47546765
FAO CEREAL PRICE INDEX	2007	January	85.10891731	77.84770966
FAO DAIRY FOOD PRICE INDEX	2007	January	84.24031081	77.84770966
FAO MEAT PRICE INDEX	2007	January	69.59479029	77.84770966
FAO SUGAR PRICE INDEX	2007	January	67.75566551	77.84770966
FAO VEGETABLE OIL PRICE INDEX	2007	January	82.27075996	77.84770966
FOOD PRICE INDEX	2007	January	78.11581408	77.84770966
FAO CEREAL PRICE INDEX	2007	February	87.0168414	79.02570414
FAO DAIRY FOOD PRICE INDEX	2007	February	88.28446236	79.02570414
FAO MEAT PRICE INDEX	2007	February	70.94922633	79.02570414
FAO SUGAR PRICE INDEX	2007	February	65.41328807	79.02570414
FAO VEGETABLE OIL PRICE INDEX	2007	February	82.87024234	79.02570414
FOOD PRICE INDEX	2007	February	79.62016436	79.02570414
FAO CEREAL PRICE INDEX	2007	March	86.42964367	80.14401954
FAO DAIRY FOOD PRICE INDEX	2007	March	91.77370071	80.14401954
FAO MEAT PRICE INDEX	2007	March	72.85669232	80.14401954
FAO SUGAR PRICE INDEX	2007	March	64.6087727	80.14401954
FAO VEGETABLE OIL PRICE INDEX	2007	March	84.41828569	80.14401954
FOOD PRICE INDEX	2007	March	80.77702211	80.14401954
FAO CEREAL PRICE INDEX	2007	April	85.07588982	83.06283835
FAO DAIRY FOOD PRICE INDEX	2007	April	102.0297265	83.06283835
FAO MEAT PRICE INDEX	2007	April	74.80825444	83.06283835
FAO SUGAR PRICE INDEX	2007	April	60.15299527	83.06283835
FAO VEGETABLE OIL PRICE INDEX	2007	April	92.75924978	83.06283835
FOOD PRICE INDEX	2007	April	83.5509143	83.06283835
FAO CEREAL PRICE INDEX	2007	May	86.56297462	85.54162667
FAO DAIRY FOOD PRICE INDEX	2007	May	105.2760049	85.54162667
FAO MEAT PRICE INDEX	2007	May	76.63258759	85.54162667
FAO SUGAR PRICE INDEX	2007	May	58.35830714	85.54162667
FAO VEGETABLE OIL PRICE INDEX	2007	May	100.2534585	85.54162667
FOOD PRICE INDEX	2007	May	86.16642717	85.54162667
FAO CEREAL PRICE INDEX	2007	June	91.94718046	90.75785877
FAO DAIRY FOOD PRICE INDEX	2007	June	121.0446681	90.75785877
FAO MEAT PRICE INDEX	2007	June	78.02316576	90.75785877
FAO SUGAR PRICE INDEX	2007	June	57.49190598	90.75785877
FAO VEGETABLE OIL PRICE INDEX	2007	June	104.9241153	90.75785877
FOOD PRICE INDEX	2007	June	91.11611705	90.75785877
FAO CEREAL PRICE INDEX	2007	July	94.85390283	95.99567316
FAO DAIRY FOOD PRICE INDEX	2007	July	135.0338955	95.99567316
FAO MEAT PRICE INDEX	2007	July	79.2478748	95.99567316
FAO SUGAR PRICE INDEX	2007	July	62.93785617	95.99567316
FAO VEGETABLE OIL PRICE INDEX	2007	July	108.5781594	95.99567316
FOOD PRICE INDEX	2007	July	95.32235025	95.99567316
FAO CEREAL PRICE INDEX	2007	August	102.1385223	99.23177059
FAO DAIRY FOOD PRICE INDEX	2007	August	141.4954678	99.23177059
FAO MEAT PRICE INDEX	2007	August	79.36011639	99.23177059
FAO SUGAR PRICE INDEX	2007	August	60.68306058	99.23177059
FAO VEGETABLE OIL PRICE INDEX	2007	August	112.7981749	99.23177059
FOOD PRICE INDEX	2007	August	98.91528164	99.23177059
FAO CEREAL PRICE INDEX	2007	September	117.1577824	104.4024819
FAO DAIRY FOOD PRICE INDEX	2007	September	145.0935608	104.4024819
FAO MEAT PRICE INDEX	2007	September	80.51020932	104.4024819
FAO SUGAR PRICE INDEX	2007	September	60.37665272	104.4024819
FAO VEGETABLE OIL PRICE INDEX	2007	September	118.2471421	104.4024819
FOOD PRICE INDEX	2007	September	105.0295442	104.4024819
FAO CEREAL PRICE INDEX	2007	October	121.3337272	107.3088073
FAO DAIRY FOOD PRICE INDEX	2007	October	147.9713005	107.3088073
FAO MEAT PRICE INDEX	2007	October	79.22091771	107.3088073
FAO SUGAR PRICE INDEX	2007	October	61.89117898	107.3088073
FAO VEGETABLE OIL PRICE INDEX	2007	October	125.8505937	107.3088073
FOOD PRICE INDEX	2007	October	107.5851254	107.3088073
FAO CEREAL PRICE INDEX	2007	November	121.0379669	110.7401602
FAO DAIRY FOOD PRICE INDEX	2007	November	153.9910314	110.7401602
FAO MEAT PRICE INDEX	2007	November	80.21911402	110.7401602
FAO SUGAR PRICE INDEX	2007	November	62.48918413	110.7401602
FAO VEGETABLE OIL PRICE INDEX	2007	November	136.2503391	110.7401602
FOOD PRICE INDEX	2007	November	110.4533259	110.7401602
FAO CEREAL PRICE INDEX	2007	December	132.234047	114.1641376
FAO DAIRY FOOD PRICE INDEX	2007	December	152.5594222	114.1641376
FAO MEAT PRICE INDEX	2007	December	80.97285588	114.1641376
FAO SUGAR PRICE INDEX	2007	December	66.27084841	114.1641376
FAO VEGETABLE OIL PRICE INDEX	2007	December	138.5571516	114.1641376
FOOD PRICE INDEX	2007	December	114.3905008	114.1641376
FAO CEREAL PRICE INDEX	2008	January	140.9768698	120.2503842
FAO DAIRY FOOD PRICE INDEX	2008	January	150.6343671	120.2503842
FAO MEAT PRICE INDEX	2008	January	81.63930028	120.2503842
FAO SUGAR PRICE INDEX	2008	January	74.13918553	120.2503842
FAO VEGETABLE OIL PRICE INDEX	2008	January	154.0967524	120.2503842
FOOD PRICE INDEX	2008	January	120.0158302	120.2503842
FAO CEREAL PRICE INDEX	2008	February	160.8264219	128.4138227
FAO DAIRY FOOD PRICE INDEX	2008	February	149.878067	128.4138227
FAO MEAT PRICE INDEX	2008	February	79.50995151	128.4138227
FAO SUGAR PRICE INDEX	2008	February	83.60771257	128.4138227
FAO VEGETABLE OIL PRICE INDEX	2008	February	168.632379	128.4138227
FOOD PRICE INDEX	2008	February	128.0284044	128.4138227
FAO CEREAL PRICE INDEX	2008	March	163.3315368	131.841703
FAO DAIRY FOOD PRICE INDEX	2008	March	152.632936	131.841703
FAO MEAT PRICE INDEX	2008	March	84.72537448	131.841703
FAO SUGAR PRICE INDEX	2008	March	81.68925284	131.841703
FAO VEGETABLE OIL PRICE INDEX	2008	March	176.6016472	131.841703
FOOD PRICE INDEX	2008	March	132.069471	131.841703
FAO CEREAL PRICE INDEX	2008	April	162.7358181	129.224607
FAO DAIRY FOOD PRICE INDEX	2008	April	148.9489508	129.224607
FAO MEAT PRICE INDEX	2008	April	86.15107105	129.224607
FAO SUGAR PRICE INDEX	2008	April	77.73137478	129.224607
FAO VEGETABLE OIL PRICE INDEX	2008	April	169.4050233	129.224607
FOOD PRICE INDEX	2008	April	130.3754038	129.224607
FAO CEREAL PRICE INDEX	2008	May	157.4407068	128.2480607
FAO DAIRY FOOD PRICE INDEX	2008	May	144.2598033	128.2480607
FAO MEAT PRICE INDEX	2008	May	91.03274653	128.2480607
FAO SUGAR PRICE INDEX	2008	May	74.70178369	128.2480607
FAO VEGETABLE OIL PRICE INDEX	2008	May	172.0181414	128.2480607
FOOD PRICE INDEX	2008	May	130.0351823	128.2480607
FAO CEREAL PRICE INDEX	2008	June	160.2872966	130.5076405
FAO DAIRY FOOD PRICE INDEX	2008	June	143.8982262	130.5076405
FAO MEAT PRICE INDEX	2008	June	92.97756259	130.5076405
FAO SUGAR PRICE INDEX	2008	June	75.03800307	130.5076405
FAO VEGETABLE OIL PRICE INDEX	2008	June	178.3161378	130.5076405
FOOD PRICE INDEX	2008	June	132.5286165	130.5076405
FAO CEREAL PRICE INDEX	2008	July	148.210395	129.2291137
FAO DAIRY FOOD PRICE INDEX	2008	July	144.1179755	129.2291137
FAO MEAT PRICE INDEX	2008	July	100.0782772	129.2291137
FAO SUGAR PRICE INDEX	2008	July	88.06348999	129.2291137
FAO VEGETABLE OIL PRICE INDEX	2008	July	164.7994291	129.2291137
FOOD PRICE INDEX	2008	July	130.1051155	129.2291137
FAO CEREAL PRICE INDEX	2008	August	136.5100777	119.8233398
FAO DAIRY FOOD PRICE INDEX	2008	August	133.5486456	119.8233398
FAO MEAT PRICE INDEX	2008	August	101.7647329	119.8233398
FAO SUGAR PRICE INDEX	2008	August	90.3945217	119.8233398
FAO VEGETABLE OIL PRICE INDEX	2008	August	135.6186167	119.8233398
FOOD PRICE INDEX	2008	August	121.1034444	119.8233398
FAO CEREAL PRICE INDEX	2008	September	125.3284698	110.6293409
FAO DAIRY FOOD PRICE INDEX	2008	September	120.5041686	110.6293409
FAO MEAT PRICE INDEX	2008	September	100.8521028	110.6293409
FAO SUGAR PRICE INDEX	2008	September	83.73737805	110.6293409
FAO VEGETABLE OIL PRICE INDEX	2008	September	120.5923983	110.6293409
FOOD PRICE INDEX	2008	September	112.7615281	110.6293409
FAO CEREAL PRICE INDEX	2008	October	104.9275047	95.06079161
FAO DAIRY FOOD PRICE INDEX	2008	October	106.9503961	95.06079161
FAO MEAT PRICE INDEX	2008	October	95.0446953	95.06079161
FAO SUGAR PRICE INDEX	2008	October	73.64409915	95.06079161
FAO VEGETABLE OIL PRICE INDEX	2008	October	92.21375072	95.06079161
FOOD PRICE INDEX	2008	October	97.58430379	95.06079161
FAO CEREAL PRICE INDEX	2008	November	95.99249979	87.93282404
FAO DAIRY FOOD PRICE INDEX	2008	November	97.7755885	87.93282404
FAO MEAT PRICE INDEX	2008	November	87.36966465	87.93282404
FAO SUGAR PRICE INDEX	2008	November	74.8818151	87.93282404
FAO VEGETABLE OIL PRICE INDEX	2008	November	82.02994902	87.93282404
FOOD PRICE INDEX	2008	November	89.54742717	87.93282404
FAO CEREAL PRICE INDEX	2008	December	95.13421694	84.67778653
FAO DAIRY FOOD PRICE INDEX	2008	December	94.89029124	84.67778653
FAO MEAT PRICE INDEX	2008	December	80.80336283	84.67778653
FAO SUGAR PRICE INDEX	2008	December	72.71581219	84.67778653
FAO VEGETABLE OIL PRICE INDEX	2008	December	78.55005828	84.67778653
FOOD PRICE INDEX	2008	December	85.97297772	84.67778653
FAO CEREAL PRICE INDEX	2009	January	100.3672917	85.4163021
FAO DAIRY FOOD PRICE INDEX	2009	January	88.19398325	85.4163021
FAO MEAT PRICE INDEX	2009	January	77.31819002	85.4163021
FAO SUGAR PRICE INDEX	2009	January	77.4191328	85.4163021
FAO VEGETABLE OIL PRICE INDEX	2009	January	82.7778664	85.4163021
FOOD PRICE INDEX	2009	January	86.42134842	85.4163021
FAO CEREAL PRICE INDEX	2009	February	97.2116477	83.83214502
FAO DAIRY FOOD PRICE INDEX	2009	February	82.56049181	83.83214502
FAO MEAT PRICE INDEX	2009	February	74.95309179	83.83214502
FAO SUGAR PRICE INDEX	2009	February	81.87491023	83.83214502
FAO VEGETABLE OIL PRICE INDEX	2009	February	82.2367459	83.83214502
FOOD PRICE INDEX	2009	February	84.15598266	83.83214502
FAO CEREAL PRICE INDEX	2009	March	97.20889215	83.64892966
FAO DAIRY FOOD PRICE INDEX	2009	March	80.85013687	83.64892966
FAO MEAT PRICE INDEX	2009	March	75.40434143	83.64892966
FAO SUGAR PRICE INDEX	2009	March	82.92696879	83.64892966
FAO VEGETABLE OIL PRICE INDEX	2009	March	81.4880996	83.64892966
FOOD PRICE INDEX	2009	March	84.0151391	83.64892966
FAO CEREAL PRICE INDEX	2009	April	98.11301618	86.98216055
FAO DAIRY FOOD PRICE INDEX	2009	April	80.39093481	86.98216055
FAO MEAT PRICE INDEX	2009	April	77.91862798	86.98216055
FAO SUGAR PRICE INDEX	2009	April	84.45554799	86.98216055
FAO VEGETABLE OIL PRICE INDEX	2009	April	93.80381316	86.98216055
FOOD PRICE INDEX	2009	April	87.21102317	86.98216055
FAO CEREAL PRICE INDEX	2009	May	103.3110477	94.50717517
FAO DAIRY FOOD PRICE INDEX	2009	May	83.49287299	94.50717517
FAO MEAT PRICE INDEX	2009	May	80.93156122	94.50717517
FAO SUGAR PRICE INDEX	2009	May	99.36108616	94.50717517
FAO VEGETABLE OIL PRICE INDEX	2009	May	106.6050726	94.50717517
FOOD PRICE INDEX	2009	May	93.34141033	94.50717517
FAO CEREAL PRICE INDEX	2009	June	102.9861943	94.41519669
FAO DAIRY FOOD PRICE INDEX	2009	June	84.66477839	94.41519669
FAO MEAT PRICE INDEX	2009	June	83.131405	94.41519669
FAO SUGAR PRICE INDEX	2009	June	101.6614875	94.41519669
FAO VEGETABLE OIL PRICE INDEX	2009	June	100.7203983	94.41519669
FOOD PRICE INDEX	2009	June	93.32691658	94.41519669
FAO CEREAL PRICE INDEX	2009	July	94.45961683	93.24617284
FAO DAIRY FOOD PRICE INDEX	2009	July	85.12781263	93.24617284
FAO MEAT PRICE INDEX	2009	July	85.2471328	93.24617284
FAO SUGAR PRICE INDEX	2009	July	114.0330211	93.24617284
FAO VEGETABLE OIL PRICE INDEX	2009	July	89.9034651	93.24617284
FOOD PRICE INDEX	2009	July	90.70598864	93.24617284
FAO CEREAL PRICE INDEX	2009	August	91.90025141	99.21662553
FAO DAIRY FOOD PRICE INDEX	2009	August	87.95288926	99.21662553
FAO MEAT PRICE INDEX	2009	August	85.28857699	99.21662553
FAO SUGAR PRICE INDEX	2009	August	138.8449126	99.21662553
FAO VEGETABLE OIL PRICE INDEX	2009	August	97.85431529	99.21662553
FOOD PRICE INDEX	2009	August	93.45880759	99.21662553
FAO CEREAL PRICE INDEX	2009	September	89.83589555	99.68751455
FAO DAIRY FOOD PRICE INDEX	2009	September	95.0789374	99.68751455
FAO MEAT PRICE INDEX	2009	September	84.34801928	99.68751455
FAO SUGAR PRICE INDEX	2009	September	142.570143	99.68751455
FAO VEGETABLE OIL PRICE INDEX	2009	September	93.24716637	99.68751455
FOOD PRICE INDEX	2009	September	93.04492571	99.68751455
FAO CEREAL PRICE INDEX	2009	October	93.82238434	101.5085752
FAO DAIRY FOOD PRICE INDEX	2009	October	102.6565122	101.5085752
FAO MEAT PRICE INDEX	2009	October	82.48034217	101.5085752
FAO SUGAR PRICE INDEX	2009	October	140.1347627	101.5085752
FAO VEGETABLE OIL PRICE INDEX	2009	October	95.1711155	101.5085752
FOOD PRICE INDEX	2009	October	94.78633447	101.5085752
FAO CEREAL PRICE INDEX	2009	November	98.01742235	105.529645
FAO DAIRY FOOD PRICE INDEX	2009	November	113.0970062	105.529645
FAO MEAT PRICE INDEX	2009	November	83.72130764	105.529645
FAO SUGAR PRICE INDEX	2009	November	137.7784141	105.529645
FAO VEGETABLE OIL PRICE INDEX	2009	November	101.7554786	105.529645
FOOD PRICE INDEX	2009	November	98.80824099	105.529645
FAO CEREAL PRICE INDEX	2009	December	99.04553054	108.2751114
FAO DAIRY FOOD PRICE INDEX	2009	December	112.802408	108.2751114
FAO MEAT PRICE INDEX	2009	December	83.93279495	108.2751114
FAO SUGAR PRICE INDEX	2009	December	145.6454117	108.2751114
FAO VEGETABLE OIL PRICE INDEX	2009	December	107.5647768	108.2751114
FOOD PRICE INDEX	2009	December	100.6597468	108.2751114
FAO CEREAL PRICE INDEX	2010	January	98.36118784	110.7894638
FAO DAIRY FOOD PRICE INDEX	2010	January	108.9779536	110.7894638
FAO MEAT PRICE INDEX	2010	January	85.02553808	110.7894638
FAO SUGAR PRICE INDEX	2010	January	163.7745748	110.7894638
FAO VEGETABLE OIL PRICE INDEX	2010	January	107.1020027	110.7894638
FOOD PRICE INDEX	2010	January	101.4955256	110.7894638
FAO CEREAL PRICE INDEX	2010	February	93.9696703	107.4763766
FAO DAIRY FOOD PRICE INDEX	2010	February	101.5882131	107.4763766
FAO MEAT PRICE INDEX	2010	February	85.6548689	107.4763766
FAO SUGAR PRICE INDEX	2010	February	157.3570176	107.4763766
FAO VEGETABLE OIL PRICE INDEX	2010	February	107.3091027	107.4763766
FOOD PRICE INDEX	2010	February	98.97938668	107.4763766
FAO CEREAL PRICE INDEX	2010	March	91.77245329	100.4041336
FAO DAIRY FOOD PRICE INDEX	2010	March	101.6001718	100.4041336
FAO MEAT PRICE INDEX	2010	March	86.92559848	100.4041336
FAO SUGAR PRICE INDEX	2010	March	115.4923518	100.4041336
FAO VEGETABLE OIL PRICE INDEX	2010	March	110.3253058	100.4041336
FOOD PRICE INDEX	2010	March	96.30892033	100.4041336
FAO CEREAL PRICE INDEX	2010	April	90.66416367	99.64368263
FAO DAIRY FOOD PRICE INDEX	2010	April	109.7375142	99.64368263
FAO MEAT PRICE INDEX	2010	April	89.4535303	99.64368263
FAO SUGAR PRICE INDEX	2010	April	101.7991901	99.64368263
FAO VEGETABLE OIL PRICE INDEX	2010	April	109.3639769	99.64368263
FOOD PRICE INDEX	2010	April	96.84372055	99.64368263
FAO CEREAL PRICE INDEX	2010	May	90.55718247	98.26877042
FAO DAIRY FOOD PRICE INDEX	2010	May	111.7574269	98.26877042
FAO MEAT PRICE INDEX	2010	May	89.76523769	98.26877042
FAO SUGAR PRICE INDEX	2010	May	94.07878952	98.26877042
FAO VEGETABLE OIL PRICE INDEX	2010	May	107.166612	98.26877042
FOOD PRICE INDEX	2010	May	96.28737386	98.26877042
FAO CEREAL PRICE INDEX	2010	June	87.79753556	98.15531602
FAO DAIRY FOOD PRICE INDEX	2010	June	110.4405512	98.15531602
FAO MEAT PRICE INDEX	2010	June	90.81550058	98.15531602
FAO SUGAR PRICE INDEX	2010	June	98.10024117	98.15531602
FAO VEGETABLE OIL PRICE INDEX	2010	June	106.0280117	98.15531602
FOOD PRICE INDEX	2010	June	95.75005588	98.15531602
FAO CEREAL PRICE INDEX	2010	July	95.27884294	102.9856275
FAO DAIRY FOOD PRICE INDEX	2010	July	112.842359	102.9856275
FAO MEAT PRICE INDEX	2010	July	91.82057675	102.9856275
FAO SUGAR PRICE INDEX	2010	July	107.8781972	102.9856275
FAO VEGETABLE OIL PRICE INDEX	2010	July	110.1336144	102.9856275
FOOD PRICE INDEX	2010	July	99.96017481	102.9856275
FAO CEREAL PRICE INDEX	2010	August	112.9419935	110.309427
FAO DAIRY FOOD PRICE INDEX	2010	August	112.2569089	110.309427
FAO MEAT PRICE INDEX	2010	August	92.61712239	110.309427
FAO SUGAR PRICE INDEX	2010	August	114.5674893	110.309427
FAO VEGETABLE OIL PRICE INDEX	2010	August	121.8069411	110.309427
FOOD PRICE INDEX	2010	August	107.6661071	110.309427
FAO CEREAL PRICE INDEX	2010	September	125.9459169	118.6972189
FAO DAIRY FOOD PRICE INDEX	2010	September	116.0260131	118.6972189
FAO MEAT PRICE INDEX	2010	September	92.50382093	118.6972189
FAO SUGAR PRICE INDEX	2010	September	138.7226413	118.6972189
FAO VEGETABLE OIL PRICE INDEX	2010	September	124.8527817	118.6972189
FOOD PRICE INDEX	2010	September	114.1321396	118.6972189
FAO CEREAL PRICE INDEX	2010	October	130.5890404	126.2569713
FAO DAIRY FOOD PRICE INDEX	2010	October	121.385669	126.2569713
FAO MEAT PRICE INDEX	2010	October	93.98918894	126.2569713
FAO SUGAR PRICE INDEX	2010	October	152.3274704	126.2569713
FAO VEGETABLE OIL PRICE INDEX	2010	October	139.17832	126.2569713
FOOD PRICE INDEX	2010	October	120.0721393	126.2569713
FAO CEREAL PRICE INDEX	2010	November	132.3921968	131.3433111
FAO DAIRY FOOD PRICE INDEX	2010	November	118.7357467	131.3433111
FAO MEAT PRICE INDEX	2010	November	96.10945397	131.3433111
FAO SUGAR PRICE INDEX	2010	November	162.8299725	131.3433111
FAO VEGETABLE OIL PRICE INDEX	2010	November	153.8718738	131.3433111
FOOD PRICE INDEX	2010	November	124.1206228	131.3433111
FAO CEREAL PRICE INDEX	2010	December	139.7215647	137.3078674
FAO DAIRY FOOD PRICE INDEX	2010	December	117.4390784	137.3078674
FAO MEAT PRICE INDEX	2010	December	97.35224088	137.3078674
FAO SUGAR PRICE INDEX	2010	December	173.76079	137.3078674
FAO VEGETABLE OIL PRICE INDEX	2010	December	166.2636594	137.3078674
FOOD PRICE INDEX	2010	December	129.3098709	137.3078674
FAO CEREAL PRICE INDEX	2011	January	144.8990675	142.7860903
FAO DAIRY FOOD PRICE INDEX	2011	January	122.7837784	142.7860903
FAO MEAT PRICE INDEX	2011	January	97.62055713	142.7860903
FAO SUGAR PRICE INDEX	2011	January	183.2376581	142.7860903
FAO VEGETABLE OIL PRICE INDEX	2011	January	174.4881654	142.7860903
FOOD PRICE INDEX	2011	January	133.6873154	142.7860903
FAO CEREAL PRICE INDEX	2011	February	151.4431287	146.2427236
FAO DAIRY FOOD PRICE INDEX	2011	February	130.2617201	146.2427236
FAO MEAT PRICE INDEX	2011	February	100.3148841	146.2427236
FAO SUGAR PRICE INDEX	2011	February	182.3807027	146.2427236
FAO VEGETABLE OIL PRICE INDEX	2011	February	175.4335063	146.2427236
FOOD PRICE INDEX	2011	February	137.6224	146.2427236
FAO CEREAL PRICE INDEX	2011	March	145.5318466	140.7656705
FAO DAIRY FOOD PRICE INDEX	2011	March	135.8088466	140.7656705
FAO MEAT PRICE INDEX	2011	March	103.4855182	140.7656705
FAO SUGAR PRICE INDEX	2011	March	162.3775702	140.7656705
FAO VEGETABLE OIL PRICE INDEX	2011	March	163.1108184	140.7656705
FOOD PRICE INDEX	2011	March	134.2794232	140.7656705
FAO CEREAL PRICE INDEX	2011	April	151.7317547	140.6519528
FAO DAIRY FOOD PRICE INDEX	2011	April	134.5187196	140.6519528
FAO MEAT PRICE INDEX	2011	April	107.7119705	140.6519528
FAO SUGAR PRICE INDEX	2011	April	150.7420152	140.6519528
FAO VEGETABLE OIL PRICE INDEX	2011	April	162.7870129	140.6519528
FOOD PRICE INDEX	2011	April	136.4202439	140.6519528
FAO CEREAL PRICE INDEX	2011	May	150.8932882	137.8160664
FAO DAIRY FOOD PRICE INDEX	2011	May	134.1712872	137.8160664
FAO MEAT PRICE INDEX	2011	May	108.1026554	137.8160664
FAO SUGAR PRICE INDEX	2011	May	136.1628197	137.8160664
FAO VEGETABLE OIL PRICE INDEX	2011	May	162.4030085	137.8160664
FOOD PRICE INDEX	2011	May	135.1633393	137.8160664
FAO CEREAL PRICE INDEX	2011	June	147.1299422	140.1717416
FAO DAIRY FOOD PRICE INDEX	2011	June	135.3177611	140.1717416
FAO MEAT PRICE INDEX	2011	June	106.8621961	140.1717416
FAO SUGAR PRICE INDEX	2011	June	155.9887788	140.1717416
FAO VEGETABLE OIL PRICE INDEX	2011	June	160.7759031	140.1717416
FOOD PRICE INDEX	2011	June	134.955868	140.1717416
FAO CEREAL PRICE INDEX	2011	July	140.4752203	140.736278
FAO DAIRY FOOD PRICE INDEX	2011	July	133.5680609	140.736278
FAO MEAT PRICE INDEX	2011	July	106.5010693	140.736278
FAO SUGAR PRICE INDEX	2011	July	174.6210922	140.736278
FAO VEGETABLE OIL PRICE INDEX	2011	July	156.053259	140.736278
FOOD PRICE INDEX	2011	July	133.1989661	140.736278
FAO CEREAL PRICE INDEX	2011	August	144.8670897	139.7597792
FAO DAIRY FOOD PRICE INDEX	2011	August	131.8809009	139.7597792
FAO MEAT PRICE INDEX	2011	August	105.6412625	139.7597792
FAO SUGAR PRICE INDEX	2011	August	171.710666	139.7597792
FAO VEGETABLE OIL PRICE INDEX	2011	August	151.4822886	139.7597792
FOOD PRICE INDEX	2011	August	132.9764676	139.7597792
FAO CEREAL PRICE INDEX	2011	September	140.4802034	136.3404669
FAO DAIRY FOOD PRICE INDEX	2011	September	127.1188076	136.3404669
FAO MEAT PRICE INDEX	2011	September	106.9482323	136.3404669
FAO SUGAR PRICE INDEX	2011	September	165.2660225	136.3404669
FAO VEGETABLE OIL PRICE INDEX	2011	September	147.8201659	136.3404669
FOOD PRICE INDEX	2011	September	130.4093699	136.3404669
FAO CEREAL PRICE INDEX	2011	October	133.1265985	131.1255448
FAO DAIRY FOOD PRICE INDEX	2011	October	126.2054443	131.1255448
FAO MEAT PRICE INDEX	2011	October	106.1974292	131.1255448
FAO SUGAR PRICE INDEX	2011	October	157.5140896	131.1255448
FAO VEGETABLE OIL PRICE INDEX	2011	October	137.990686	131.1255448
FOOD PRICE INDEX	2011	October	125.7190211	131.1255448
FAO CEREAL PRICE INDEX	2011	November	130.8952076	130.5946985
FAO DAIRY FOOD PRICE INDEX	2011	November	125.0588483	130.5946985
FAO MEAT PRICE INDEX	2011	November	108.3011106	130.5946985
FAO SUGAR PRICE INDEX	2011	November	148.2333632	130.5946985
FAO VEGETABLE OIL PRICE INDEX	2011	November	144.9603689	130.5946985
FOOD PRICE INDEX	2011	November	126.119292	130.5946985
FAO CEREAL PRICE INDEX	2011	December	124.4155535	126.3310244
FAO DAIRY FOOD PRICE INDEX	2011	December	121.994248	126.3310244
FAO MEAT PRICE INDEX	2011	December	106.4894635	126.3310244
FAO SUGAR PRICE INDEX	2011	December	142.5721076	126.3310244
FAO VEGETABLE OIL PRICE INDEX	2011	December	140.453486	126.3310244
FOOD PRICE INDEX	2011	December	122.0612877	126.3310244
FAO CEREAL PRICE INDEX	2012	January	127.2394788	127.2058939
FAO DAIRY FOOD PRICE INDEX	2012	January	120.3340219	127.2058939
FAO MEAT PRICE INDEX	2012	January	103.137948	127.2058939
FAO SUGAR PRICE INDEX	2012	January	145.7940983	127.2058939
FAO VEGETABLE OIL PRICE INDEX	2012	January	144.3284295	127.2058939
FOOD PRICE INDEX	2012	January	122.401387	127.2058939
FAO CEREAL PRICE INDEX	2012	February	131.1384203	130.1590114
FAO DAIRY FOOD PRICE INDEX	2012	February	121.242063	130.1590114
FAO MEAT PRICE INDEX	2012	February	105.5779855	130.1590114
FAO SUGAR PRICE INDEX	2012	February	149.2773847	130.1590114
FAO VEGETABLE OIL PRICE INDEX	2012	February	148.3352885	130.1590114
FOOD PRICE INDEX	2012	February	125.3829266	130.1590114
FAO CEREAL PRICE INDEX	2012	March	130.6055665	130.4193346
FAO DAIRY FOOD PRICE INDEX	2012	March	118.0670453	130.4193346
FAO MEAT PRICE INDEX	2012	March	106.4807457	130.4193346
FAO SUGAR PRICE INDEX	2012	March	149.126019	130.4193346
FAO VEGETABLE OIL PRICE INDEX	2012	March	152.4733822	130.4193346
FOOD PRICE INDEX	2012	March	125.7632492	130.4193346
FAO CEREAL PRICE INDEX	2012	April	129.1105265	128.2187693
FAO DAIRY FOOD PRICE INDEX	2012	April	112.5253603	128.2187693
FAO MEAT PRICE INDEX	2012	April	105.718865	128.2187693
FAO SUGAR PRICE INDEX	2012	April	141.2852759	128.2187693
FAO VEGETABLE OIL PRICE INDEX	2012	April	156.2915661	128.2187693
FOOD PRICE INDEX	2012	April	124.3810221	128.2187693
FAO CEREAL PRICE INDEX	2012	May	126.3042147	121.2472758
FAO DAIRY FOOD PRICE INDEX	2012	May	105.5211652	121.2472758
FAO MEAT PRICE INDEX	2012	May	103.7490438	121.2472758
FAO SUGAR PRICE INDEX	2012	May	128.4719689	121.2472758
FAO VEGETABLE OIL PRICE INDEX	2012	May	144.3966071	121.2472758
FOOD PRICE INDEX	2012	May	119.0406551	121.2472758
FAO CEREAL PRICE INDEX	2012	June	125.3278911	117.799875
FAO DAIRY FOOD PRICE INDEX	2012	June	102.2774687	117.799875
FAO MEAT PRICE INDEX	2012	June	101.4033063	117.799875
FAO SUGAR PRICE INDEX	2012	June	126.662546	117.799875
FAO VEGETABLE OIL PRICE INDEX	2012	June	135.257979	117.799875
FOOD PRICE INDEX	2012	June	115.8700589	117.799875
FAO CEREAL PRICE INDEX	2012	July	143.8969628	124.3527911
FAO DAIRY FOOD PRICE INDEX	2012	July	99.73376754	124.3527911
FAO MEAT PRICE INDEX	2012	July	100.3694048	124.3527911
FAO SUGAR PRICE INDEX	2012	July	141.4307076	124.3527911
FAO VEGETABLE OIL PRICE INDEX	2012	July	138.5571295	124.3527911
FOOD PRICE INDEX	2012	July	122.1287742	124.3527911
FAO CEREAL PRICE INDEX	2012	August	147.0592985	123.8264803
FAO DAIRY FOOD PRICE INDEX	2012	August	101.9929011	123.8264803
FAO MEAT PRICE INDEX	2012	August	103.0818672	123.8264803
FAO SUGAR PRICE INDEX	2012	August	129.1583503	123.8264803
FAO VEGETABLE OIL PRICE INDEX	2012	August	138.3126085	123.8264803
FOOD PRICE INDEX	2012	August	123.3538562	123.8264803
FAO CEREAL PRICE INDEX	2012	September	146.7645116	125.1017468
FAO DAIRY FOOD PRICE INDEX	2012	September	110.9542063	125.1017468
FAO MEAT PRICE INDEX	2012	September	107.0204703	125.1017468
FAO SUGAR PRICE INDEX	2012	September	123.7220866	125.1017468
FAO VEGETABLE OIL PRICE INDEX	2012	September	136.9261605	125.1017468
FOOD PRICE INDEX	2012	September	125.2230452	125.1017468
FAO CEREAL PRICE INDEX	2012	October	146.452611	123.8797262
FAO DAIRY FOOD PRICE INDEX	2012	October	114.2221146	123.8797262
FAO MEAT PRICE INDEX	2012	October	107.966523	123.8797262
FAO SUGAR PRICE INDEX	2012	October	125.698127	123.8797262
FAO VEGETABLE OIL PRICE INDEX	2012	October	124.8974686	123.8797262
FOOD PRICE INDEX	2012	October	124.0415128	123.8797262
FAO CEREAL PRICE INDEX	2012	November	148.4845581	122.648752
FAO DAIRY FOOD PRICE INDEX	2012	November	114.861453	122.648752
FAO MEAT PRICE INDEX	2012	November	107.690458	122.648752
FAO SUGAR PRICE INDEX	2012	November	119.6955715	122.648752
FAO VEGETABLE OIL PRICE INDEX	2012	November	121.5218111	122.648752
FOOD PRICE INDEX	2012	November	123.6386605	122.648752
FAO CEREAL PRICE INDEX	2012	December	146.3961944	122.1164653
FAO DAIRY FOOD PRICE INDEX	2012	December	118.149156	122.1164653
FAO MEAT PRICE INDEX	2012	December	107.4062558	122.1164653
FAO SUGAR PRICE INDEX	2012	December	119.5014752	122.1164653
FAO VEGETABLE OIL PRICE INDEX	2012	December	118.380955	122.1164653
FOOD PRICE INDEX	2012	December	122.8647553	122.1164653
FAO CEREAL PRICE INDEX	2013	January	145.1817665	122.8530083
FAO DAIRY FOOD PRICE INDEX	2013	January	121.007555	122.8530083
FAO MEAT PRICE INDEX	2013	January	106.454726	122.8530083
FAO SUGAR PRICE INDEX	2013	January	116.803817	122.8530083
FAO VEGETABLE OIL PRICE INDEX	2013	January	124.2797298	122.8530083
FOOD PRICE INDEX	2013	January	123.3904553	122.8530083
FAO CEREAL PRICE INDEX	2013	February	142.2832108	122.5736436
FAO DAIRY FOOD PRICE INDEX	2013	February	123.7723206	122.5736436
FAO MEAT PRICE INDEX	2013	February	107.5539456	122.5736436
FAO SUGAR PRICE INDEX	2013	February	113.031315	122.5736436
FAO VEGETABLE OIL PRICE INDEX	2013	February	125.5491153	122.5736436
FOOD PRICE INDEX	2013	February	123.2519543	122.5736436
FAO CEREAL PRICE INDEX	2013	March	139.9416789	122.5866351
FAO DAIRY FOOD PRICE INDEX	2013	March	128.0330482	122.5866351
FAO MEAT PRICE INDEX	2013	March	108.0217612	122.5866351
FAO SUGAR PRICE INDEX	2013	March	114.2535595	122.5866351
FAO VEGETABLE OIL PRICE INDEX	2013	March	122.3818303	122.5866351
FOOD PRICE INDEX	2013	March	122.8879324	122.5866351
FAO CEREAL PRICE INDEX	2013	April	134.8538489	123.0161749
FAO DAIRY FOOD PRICE INDEX	2013	April	140.8162204	123.0161749
FAO MEAT PRICE INDEX	2013	April	108.7373873	123.0161749
FAO SUGAR PRICE INDEX	2013	April	110.1820367	123.0161749
FAO VEGETABLE OIL PRICE INDEX	2013	April	120.6359957	123.0161749
FOOD PRICE INDEX	2013	April	122.8715607	123.0161749
FAO CEREAL PRICE INDEX	2013	May	136.3803021	122.3357192
FAO DAIRY FOOD PRICE INDEX	2013	May	139.9765659	122.3357192
FAO MEAT PRICE INDEX	2013	May	105.4602893	122.3357192
FAO SUGAR PRICE INDEX	2013	May	109.0596533	122.3357192
FAO VEGETABLE OIL PRICE INDEX	2013	May	121.0459034	122.3357192
FOOD PRICE INDEX	2013	May	122.0916012	122.3357192
FAO CEREAL PRICE INDEX	2013	June	133.7595801	121.0650807
FAO DAIRY FOOD PRICE INDEX	2013	June	140.2585705	121.0650807
FAO MEAT PRICE INDEX	2013	June	104.9864389	121.0650807
FAO SUGAR PRICE INDEX	2013	June	105.7813938	121.0650807
FAO VEGETABLE OIL PRICE INDEX	2013	June	120.6812342	121.0650807
FOOD PRICE INDEX	2013	June	120.9232668	121.0650807
FAO CEREAL PRICE INDEX	2013	July	126.4414652	118.3791995
FAO DAIRY FOOD PRICE INDEX	2013	July	140.9898098	118.3791995
FAO MEAT PRICE INDEX	2013	July	104.5134164	118.3791995
FAO SUGAR PRICE INDEX	2013	July	104.2103018	118.3791995
FAO VEGETABLE OIL PRICE INDEX	2013	July	116.2209894	118.3791995
FOOD PRICE INDEX	2013	July	117.8992147	118.3791995
FAO CEREAL PRICE INDEX	2013	August	119.2319695	117.300981
FAO DAIRY FOOD PRICE INDEX	2013	August	145.6496677	117.300981
FAO MEAT PRICE INDEX	2013	August	105.4731344	117.300981
FAO SUGAR PRICE INDEX	2013	August	105.4027653	117.300981
FAO VEGETABLE OIL PRICE INDEX	2013	August	111.8949261	117.300981
FOOD PRICE INDEX	2013	August	116.1534228	117.300981
FAO CEREAL PRICE INDEX	2013	September	116.7059963	118.0949013
FAO DAIRY FOOD PRICE INDEX	2013	September	149.0006254	118.0949013
FAO MEAT PRICE INDEX	2013	September	106.0536995	118.0949013
FAO SUGAR PRICE INDEX	2013	September	107.4867896	118.0949013
FAO VEGETABLE OIL PRICE INDEX	2013	September	112.9169306	118.0949013
FOOD PRICE INDEX	2013	September	116.4053667	118.0949013
FAO CEREAL PRICE INDEX	2013	October	118.7228306	121.3989833
FAO DAIRY FOOD PRICE INDEX	2013	October	152.9606033	121.3989833
FAO MEAT PRICE INDEX	2013	October	106.4184173	121.3989833
FAO SUGAR PRICE INDEX	2013	October	115.4995269	121.3989833
FAO VEGETABLE OIL PRICE INDEX	2013	October	116.0393248	121.3989833
FOOD PRICE INDEX	2013	October	118.7531969	121.3989833
FAO CEREAL PRICE INDEX	2013	November	117.963352	120.9135314
FAO DAIRY FOOD PRICE INDEX	2013	November	151.9296748	120.9135314
FAO MEAT PRICE INDEX	2013	November	105.6380562	120.9135314
FAO SUGAR PRICE INDEX	2013	November	109.3021063	120.9135314
FAO VEGETABLE OIL PRICE INDEX	2013	November	121.9691431	120.9135314
FOOD PRICE INDEX	2013	November	118.6788562	120.9135314
FAO CEREAL PRICE INDEX	2013	December	117.8644606	119.9940239
FAO DAIRY FOOD PRICE INDEX	2013	December	156.4882945	119.9940239
FAO MEAT PRICE INDEX	2013	December	104.6059428	119.9940239
FAO SUGAR PRICE INDEX	2013	December	102.4268889	119.9940239
FAO VEGETABLE OIL PRICE INDEX	2013	December	120.3833534	119.9940239
FOOD PRICE INDEX	2013	December	118.1952032	119.9940239
FAO CEREAL PRICE INDEX	2014	January	117.0124097	117.475226
FAO DAIRY FOOD PRICE INDEX	2014	January	156.1831073	117.475226
FAO MEAT PRICE INDEX	2014	January	103.1858968	117.475226
FAO SUGAR PRICE INDEX	2014	January	96.66561586	117.475226
FAO VEGETABLE OIL PRICE INDEX	2014	January	115.5799218	117.475226
FOOD PRICE INDEX	2014	January	116.2244044	117.475226
FAO CEREAL PRICE INDEX	2014	February	119.6743269	120.277437
FAO DAIRY FOOD PRICE INDEX	2014	February	156.4176218	120.277437
FAO MEAT PRICE INDEX	2014	February	103.6179362	120.277437
FAO SUGAR PRICE INDEX	2014	February	102.6437839	120.277437
FAO VEGETABLE OIL PRICE INDEX	2014	February	120.8404433	120.277437
FOOD PRICE INDEX	2014	February	118.4705098	120.277437
FAO CEREAL PRICE INDEX	2014	March	125.4151419	124.1150543
FAO DAIRY FOOD PRICE INDEX	2014	March	154.7919872	124.1150543
FAO MEAT PRICE INDEX	2014	March	106.2246164	124.1150543
FAO SUGAR PRICE INDEX	2014	March	110.7726308	124.1150543
FAO VEGETABLE OIL PRICE INDEX	2014	March	125.3836158	124.1150543
FOOD PRICE INDEX	2014	March	122.1023335	124.1150543
FAO CEREAL PRICE INDEX	2014	April	125.4909023	122.4076915
FAO DAIRY FOOD PRICE INDEX	2014	April	147.3018639	122.4076915
FAO MEAT PRICE INDEX	2014	April	109.6855808	122.4076915
FAO SUGAR PRICE INDEX	2014	April	108.9808896	122.4076915
FAO VEGETABLE OIL PRICE INDEX	2014	April	121.5300711	122.4076915
FOOD PRICE INDEX	2014	April	121.4568414	122.4076915
FAO CEREAL PRICE INDEX	2014	May	125.2467695	122.110428
FAO DAIRY FOOD PRICE INDEX	2014	May	141.8010575	122.110428
FAO MEAT PRICE INDEX	2014	May	112.0675653	122.110428
FAO SUGAR PRICE INDEX	2014	May	113.0653522	122.110428
FAO VEGETABLE OIL PRICE INDEX	2014	May	119.1770664	122.110428
FOOD PRICE INDEX	2014	May	121.3047573	122.110428
FAO CEREAL PRICE INDEX	2014	June	118.7482054	119.670144
FAO DAIRY FOOD PRICE INDEX	2014	June	136.0528237	119.670144
FAO MEAT PRICE INDEX	2014	June	116.1876515	119.670144
FAO SUGAR PRICE INDEX	2014	June	112.5148943	119.670144
FAO VEGETABLE OIL PRICE INDEX	2014	June	115.2223008	119.670144
FOOD PRICE INDEX	2014	June	119.2949881	119.670144
FAO CEREAL PRICE INDEX	2014	July	112.1751115	116.6949002
FAO DAIRY FOOD PRICE INDEX	2014	July	130.2120025	116.6949002
FAO MEAT PRICE INDEX	2014	July	117.778308	116.6949002
FAO SUGAR PRICE INDEX	2014	July	113.0006534	116.6949002
FAO VEGETABLE OIL PRICE INDEX	2014	July	110.6286441	116.6949002
FOOD PRICE INDEX	2014	July	116.3746815	116.6949002
FAO CEREAL PRICE INDEX	2014	August	110.3858843	111.9028077
FAO DAIRY FOOD PRICE INDEX	2014	August	120.6346068	111.9028077
FAO MEAT PRICE INDEX	2014	August	119.1697025	111.9028077
FAO SUGAR PRICE INDEX	2014	August	106.5555557	111.9028077
FAO VEGETABLE OIL PRICE INDEX	2014	August	101.6475475	111.9028077
FOOD PRICE INDEX	2014	August	113.0235495	111.9028077
FAO CEREAL PRICE INDEX	2014	September	107.3949105	107.2557099
FAO DAIRY FOOD PRICE INDEX	2014	September	110.8497202	107.2557099
FAO MEAT PRICE INDEX	2014	September	117.9130265	107.2557099
FAO SUGAR PRICE INDEX	2014	September	99.47579367	107.2557099
FAO VEGETABLE OIL PRICE INDEX	2014	September	98.55103414	107.2557099
FOOD PRICE INDEX	2014	September	109.3497745	107.2557099
FAO CEREAL PRICE INDEX	2014	October	108.1507191	107.5894104
FAO DAIRY FOOD PRICE INDEX	2014	October	107.1092088	107.5894104
FAO MEAT PRICE INDEX	2014	October	117.1964132	107.5894104
FAO SUGAR PRICE INDEX	2014	October	103.6335979	107.5894104
FAO VEGETABLE OIL PRICE INDEX	2014	October	100.0911531	107.5894104
FOOD PRICE INDEX	2014	October	109.3553704	107.5894104
FAO CEREAL PRICE INDEX	2014	November	109.2612328	106.0489215
FAO DAIRY FOOD PRICE INDEX	2014	November	102.6417908	106.0489215
FAO MEAT PRICE INDEX	2014	November	115.1093989	106.0489215
FAO SUGAR PRICE INDEX	2014	November	100.1931063	106.0489215
FAO VEGETABLE OIL PRICE INDEX	2014	November	100.8511652	106.0489215
FOOD PRICE INDEX	2014	November	108.2368348	106.0489215
FAO CEREAL PRICE INDEX	2014	December	110.8638758	102.6760655
FAO DAIRY FOOD PRICE INDEX	2014	December	98.48250282	102.6760655
FAO MEAT PRICE INDEX	2014	December	108.8251007	102.6760655
FAO SUGAR PRICE INDEX	2014	December	94.84279782	102.6760655
FAO VEGETABLE OIL PRICE INDEX	2014	December	97.89217479	102.6760655
FOOD PRICE INDEX	2014	December	105.1499412	102.6760655
FAO CEREAL PRICE INDEX	2015	January	105.8896521	98.79306944
FAO DAIRY FOOD PRICE INDEX	2015	January	92.39105312	98.79306944
FAO MEAT PRICE INDEX	2015	January	103.8079004	98.79306944
FAO SUGAR PRICE INDEX	2015	January	94.95756785	98.79306944
FAO VEGETABLE OIL PRICE INDEX	2015	January	95.00028402	98.79306944
FOOD PRICE INDEX	2015	January	100.7119592	98.79306944
FAO CEREAL PRICE INDEX	2015	February	101.592417	96.86335172
FAO DAIRY FOOD PRICE INDEX	2015	February	95.17096624	96.86335172
FAO MEAT PRICE INDEX	2015	February	100.4724459	96.86335172
FAO SUGAR PRICE INDEX	2015	February	90.31417874	96.86335172
FAO VEGETABLE OIL PRICE INDEX	2015	February	95.17969087	96.86335172
FOOD PRICE INDEX	2015	February	98.45041149	96.86335172
FAO CEREAL PRICE INDEX	2015	March	99.51076054	93.60718373
FAO DAIRY FOOD PRICE INDEX	2015	March	95.13871594	93.60718373
FAO MEAT PRICE INDEX	2015	March	96.81118849	93.60718373
FAO SUGAR PRICE INDEX	2015	March	81.96155035	93.60718373
FAO VEGETABLE OIL PRICE INDEX	2015	March	92.61521887	93.60718373
FOOD PRICE INDEX	2015	March	95.60566822	93.60718373
FAO CEREAL PRICE INDEX	2015	April	98.20055191	92.33434034
FAO DAIRY FOOD PRICE INDEX	2015	April	90.58931101	92.33434034
FAO MEAT PRICE INDEX	2015	April	97.73176378	92.33434034
FAO SUGAR PRICE INDEX	2015	April	80.92010078	92.33434034
FAO VEGETABLE OIL PRICE INDEX	2015	April	91.8674194	92.33434034
FOOD PRICE INDEX	2015	April	94.69689517	92.33434034
FAO CEREAL PRICE INDEX	2015	May	95.71345666	92.86633213
FAO DAIRY FOOD PRICE INDEX	2015	May	89.87995109	92.86633213
FAO MEAT PRICE INDEX	2015	May	99.52873827	92.86633213
FAO SUGAR PRICE INDEX	2015	May	82.55565401	92.86633213
FAO VEGETABLE OIL PRICE INDEX	2015	May	94.48970767	92.86633213
FOOD PRICE INDEX	2015	May	95.0304851	92.86633213
FAO CEREAL PRICE INDEX	2015	June	96.69148609	91.75333467
FAO DAIRY FOOD PRICE INDEX	2015	June	87.68688158	91.75333467
FAO MEAT PRICE INDEX	2015	June	98.59856892	91.75333467
FAO SUGAR PRICE INDEX	2015	June	77.10970382	91.75333467
FAO VEGETABLE OIL PRICE INDEX	2015	June	95.89016086	91.75333467
FOOD PRICE INDEX	2015	June	94.54320673	91.75333467
FAO CEREAL PRICE INDEX	2015	July	98.93239069	90.57821585
FAO DAIRY FOOD PRICE INDEX	2015	July	82.20232625	90.57821585
FAO MEAT PRICE INDEX	2015	July	99.06886024	90.57821585
FAO SUGAR PRICE INDEX	2015	July	79.03378952	90.57821585
FAO VEGETABLE OIL PRICE INDEX	2015	July	90.42870704	90.57821585
FOOD PRICE INDEX	2015	July	93.80322138	90.57821585
FAO CEREAL PRICE INDEX	2015	August	91.86674518	85.6658422
FAO DAIRY FOOD PRICE INDEX	2015	August	79.94961164	85.6658422
FAO MEAT PRICE INDEX	2015	August	99.16606737	85.6658422
FAO SUGAR PRICE INDEX	2015	August	71.15393253	85.6658422
FAO VEGETABLE OIL PRICE INDEX	2015	August	82.29450233	85.6658422
FOOD PRICE INDEX	2015	August	89.56419417	85.6658422
FAO CEREAL PRICE INDEX	2015	September	90.47227511	85.85542409
FAO DAIRY FOOD PRICE INDEX	2015	September	83.20013452	85.85542409
FAO MEAT PRICE INDEX	2015	September	97.05679659	85.85542409
FAO SUGAR PRICE INDEX	2015	September	73.42307845	85.85542409
FAO VEGETABLE OIL PRICE INDEX	2015	September	81.96055841	85.85542409
FOOD PRICE INDEX	2015	September	89.01970146	85.85542409
FAO CEREAL PRICE INDEX	2015	October	91.70451155	89.39073689
FAO DAIRY FOOD PRICE INDEX	2015	October	88.0201083	89.39073689
FAO MEAT PRICE INDEX	2015	October	92.42203437	89.39073689
FAO SUGAR PRICE INDEX	2015	October	86.07189251	89.39073689
FAO VEGETABLE OIL PRICE INDEX	2015	October	87.75636592	89.39073689
FOOD PRICE INDEX	2015	October	90.36950869	89.39073689
FAO CEREAL PRICE INDEX	2015	November	90.46318838	87.16696767
FAO DAIRY FOOD PRICE INDEX	2015	November	80.52290471	87.16696767
FAO MEAT PRICE INDEX	2015	November	89.13583696	87.16696767
FAO SUGAR PRICE INDEX	2015	November	90.04383552	87.16696767
FAO VEGETABLE OIL PRICE INDEX	2015	November	85.12934523	87.16696767
FOOD PRICE INDEX	2015	November	87.70669525	87.16696767
FAO CEREAL PRICE INDEX	2015	December	89.44360642	86.96488424
FAO DAIRY FOOD PRICE INDEX	2015	December	80.98982101	86.96488424
FAO MEAT PRICE INDEX	2015	December	86.98476703	86.96488424
FAO SUGAR PRICE INDEX	2015	December	90.6289376	86.96488424
FAO VEGETABLE OIL PRICE INDEX	2015	December	86.68116764	86.96488424
FOOD PRICE INDEX	2015	December	87.06100573	86.96488424
FAO CEREAL PRICE INDEX	2016	January	87.55250113	84.70155671
FAO DAIRY FOOD PRICE INDEX	2016	January	79.3749745	84.70155671
FAO MEAT PRICE INDEX	2016	January	84.18047047	84.70155671
FAO SUGAR PRICE INDEX	2016	January	86.94954564	84.70155671
FAO VEGETABLE OIL PRICE INDEX	2016	January	85.29061011	84.70155671
FOOD PRICE INDEX	2016	January	84.86123842	84.70155671
FAO CEREAL PRICE INDEX	2016	February	87.27615063	85.30198936
FAO DAIRY FOOD PRICE INDEX	2016	February	78.83776299	85.30198936
FAO MEAT PRICE INDEX	2016	February	85.90911032	85.30198936
FAO SUGAR PRICE INDEX	2016	February	81.59153842	85.30198936
FAO VEGETABLE OIL PRICE INDEX	2016	February	92.15099038	85.30198936
FOOD PRICE INDEX	2016	February	86.04638342	85.30198936
FAO CEREAL PRICE INDEX	2016	March	86.45483322	88.25498766
FAO DAIRY FOOD PRICE INDEX	2016	March	76.66905329	88.25498766
FAO MEAT PRICE INDEX	2016	March	86.10363867	88.25498766
FAO SUGAR PRICE INDEX	2016	March	95.53760655	88.25498766
FAO VEGETABLE OIL PRICE INDEX	2016	March	97.34258928	88.25498766
FOOD PRICE INDEX	2016	March	87.42220494	88.25498766
FAO CEREAL PRICE INDEX	2016	April	88.4067689	89.61648868
FAO DAIRY FOOD PRICE INDEX	2016	April	77.14410522	89.61648868
FAO MEAT PRICE INDEX	2016	April	87.91461807	89.61648868
FAO SUGAR PRICE INDEX	2016	April	93.88694355	89.61648868
FAO VEGETABLE OIL PRICE INDEX	2016	April	101.1691503	89.61648868
FOOD PRICE INDEX	2016	April	89.17734607	89.61648868
FAO CEREAL PRICE INDEX	2016	May	91.09448082	91.4894859
FAO DAIRY FOOD PRICE INDEX	2016	May	72.70320537	91.4894859
FAO MEAT PRICE INDEX	2016	May	90.15529056	91.4894859
FAO SUGAR PRICE INDEX	2016	May	104.8443126	91.4894859
FAO VEGETABLE OIL PRICE INDEX	2016	May	99.55578662	91.4894859
FOOD PRICE INDEX	2016	May	90.58383942	91.4894859
FAO CEREAL PRICE INDEX	2016	June	94.1429474	95.74491237
FAO DAIRY FOOD PRICE INDEX	2016	June	73.90684559	95.74491237
FAO MEAT PRICE INDEX	2016	June	94.28035407	95.74491237
FAO SUGAR PRICE INDEX	2016	June	120.3763153	95.74491237
FAO VEGETABLE OIL PRICE INDEX	2016	June	97.92695257	95.74491237
FOOD PRICE INDEX	2016	June	93.83605926	95.74491237
FAO CEREAL PRICE INDEX	2016	July	90.39615453	95.19352909
FAO DAIRY FOOD PRICE INDEX	2016	July	76.01543778	95.19352909
FAO MEAT PRICE INDEX	2016	July	95.31251079	95.19352909
FAO SUGAR PRICE INDEX	2016	July	121.5613882	95.19352909
FAO VEGETABLE OIL PRICE INDEX	2016	July	94.90251071	95.19352909
FOOD PRICE INDEX	2016	July	92.97317259	95.19352909
FAO CEREAL PRICE INDEX	2016	August	89.28563753	98.29391614
FAO DAIRY FOOD PRICE INDEX	2016	August	81.81047883	98.29391614
FAO MEAT PRICE INDEX	2016	August	96.41849686	98.29391614
FAO SUGAR PRICE INDEX	2016	August	124.5680385	98.29391614
FAO VEGETABLE OIL PRICE INDEX	2016	August	102.3861208	98.29391614
FOOD PRICE INDEX	2016	August	95.29472433	98.29391614
FAO CEREAL PRICE INDEX	2016	September	86.26522717	100.8850661
FAO DAIRY FOOD PRICE INDEX	2016	September	90.85479263	100.8850661
FAO MEAT PRICE INDEX	2016	September	94.85958928	100.8850661
FAO SUGAR PRICE INDEX	2016	September	132.9250673	100.8850661
FAO VEGETABLE OIL PRICE INDEX	2016	September	104.31962	100.8850661
FOOD PRICE INDEX	2016	September	96.08610043	100.8850661
FAO CEREAL PRICE INDEX	2016	October	86.72195622	101.4646563
FAO DAIRY FOOD PRICE INDEX	2016	October	93.75854241	101.4646563
FAO MEAT PRICE INDEX	2016	October	93.0239953	101.4646563
FAO SUGAR PRICE INDEX	2016	October	137.5102423	101.4646563
FAO VEGETABLE OIL PRICE INDEX	2016	October	101.8468449	101.4646563
FOOD PRICE INDEX	2016	October	95.92635655	101.4646563
FAO CEREAL PRICE INDEX	2016	November	85.95575036	100.181598
FAO DAIRY FOOD PRICE INDEX	2016	November	94.50275198	100.181598
FAO MEAT PRICE INDEX	2016	November	93.44477137	100.181598
FAO SUGAR PRICE INDEX	2016	November	125.2259115	100.181598
FAO VEGETABLE OIL PRICE INDEX	2016	November	106.1611242	100.181598
FOOD PRICE INDEX	2016	November	95.79927862	100.181598
FAO CEREAL PRICE INDEX	2016	December	86.14706075	98.80833472
FAO DAIRY FOOD PRICE INDEX	2016	December	96.20197055	98.80833472
FAO MEAT PRICE INDEX	2016	December	90.65098913	98.80833472
FAO SUGAR PRICE INDEX	2016	December	114.504197	98.80833472
FAO VEGETABLE OIL PRICE INDEX	2016	December	110.2594339	98.80833472
FOOD PRICE INDEX	2016	December	95.08635695	98.80833472
FAO CEREAL PRICE INDEX	2017	January	88.67745945	102.4828152
FAO DAIRY FOOD PRICE INDEX	2017	January	98.55019651	102.4828152
FAO MEAT PRICE INDEX	2017	January	91.9460037	102.4828152
FAO SUGAR PRICE INDEX	2017	January	125.8285612	102.4828152
FAO VEGETABLE OIL PRICE INDEX	2017	January	112.1922396	102.4828152
FOOD PRICE INDEX	2017	January	97.70243056	102.4828152
FAO CEREAL PRICE INDEX	2017	February	90.00176911	102.4674599
FAO DAIRY FOOD PRICE INDEX	2017	February	99.22637456	102.4674599
FAO MEAT PRICE INDEX	2017	February	93.93431506	102.4674599
FAO SUGAR PRICE INDEX	2017	February	125.5539062	102.4674599
FAO VEGETABLE OIL PRICE INDEX	2017	February	107.9693246	102.4674599
FOOD PRICE INDEX	2017	February	98.11906988	102.4674599
FAO CEREAL PRICE INDEX	2017	March	87.8655063	98.97682102
FAO DAIRY FOOD PRICE INDEX	2017	March	100.6262388	98.97682102
FAO MEAT PRICE INDEX	2017	March	95.65376353	98.97682102
FAO SUGAR PRICE INDEX	2017	March	111.8841407	98.97682102
FAO VEGETABLE OIL PRICE INDEX	2017	March	101.5909486	98.97682102
FOOD PRICE INDEX	2017	March	96.24032816	98.97682102
FAO CEREAL PRICE INDEX	2017	April	86.89985453	96.49735246
FAO DAIRY FOOD PRICE INDEX	2017	April	100.0443812	96.49735246
FAO MEAT PRICE INDEX	2017	April	97.58556526	96.49735246
FAO SUGAR PRICE INDEX	2017	April	101.7402513	96.49735246
FAO VEGETABLE OIL PRICE INDEX	2017	April	97.57779106	96.49735246
FOOD PRICE INDEX	2017	April	95.13627144	96.49735246
FAO CEREAL PRICE INDEX	2017	May	88.29320362	98.55659774
FAO DAIRY FOOD PRICE INDEX	2017	May	104.8306999	98.55659774
FAO MEAT PRICE INDEX	2017	May	99.45910619	98.55659774
FAO SUGAR PRICE INDEX	2017	May	99.39421694	98.55659774
FAO VEGETABLE OIL PRICE INDEX	2017	May	101.96249	98.55659774
FOOD PRICE INDEX	2017	May	97.39986983	98.55659774
FAO CEREAL PRICE INDEX	2017	June	92.35989972	97.36120278
FAO DAIRY FOOD PRICE INDEX	2017	June	109.6562267	97.36120278
FAO MEAT PRICE INDEX	2017	June	100.685571	97.36120278
FAO SUGAR PRICE INDEX	2017	June	86.02688465	97.36120278
FAO VEGETABLE OIL PRICE INDEX	2017	June	97.4725676	97.36120278
FOOD PRICE INDEX	2017	June	97.96606697	97.36120278
FAO CEREAL PRICE INDEX	2017	July	96.93632027	99.9007448
FAO DAIRY FOOD PRICE INDEX	2017	July	113.895557	99.9007448
FAO MEAT PRICE INDEX	2017	July	101.1921505	99.9007448
FAO SUGAR PRICE INDEX	2017	July	90.48882387	99.9007448
FAO VEGETABLE OIL PRICE INDEX	2017	July	96.65921196	99.9007448
FOOD PRICE INDEX	2017	July	100.2324052	99.9007448
FAO CEREAL PRICE INDEX	2017	August	92.29967586	99.49367993
FAO DAIRY FOOD PRICE INDEX	2017	August	116.8934883	99.49367993
FAO MEAT PRICE INDEX	2017	August	100.347311	99.49367993
FAO SUGAR PRICE INDEX	2017	August	88.9218191	99.49367993
FAO VEGETABLE OIL PRICE INDEX	2017	August	99.16145506	99.49367993
FOOD PRICE INDEX	2017	August	99.33833022	99.49367993
FAO CEREAL PRICE INDEX	2017	September	92.11688667	100.4058666
FAO DAIRY FOOD PRICE INDEX	2017	September	118.3996848	100.4058666
FAO MEAT PRICE INDEX	2017	September	99.15465352	100.4058666
FAO SUGAR PRICE INDEX	2017	September	89.04187498	100.4058666
FAO VEGETABLE OIL PRICE INDEX	2017	September	103.8349664	100.4058666
FOOD PRICE INDEX	2017	September	99.88713332	100.4058666
FAO CEREAL PRICE INDEX	2017	October	91.7903474	99.31864314
FAO DAIRY FOOD PRICE INDEX	2017	October	115.3678462	99.31864314
FAO MEAT PRICE INDEX	2017	October	98.43461311	99.31864314
FAO SUGAR PRICE INDEX	2017	October	88.73016881	99.31864314
FAO VEGETABLE OIL PRICE INDEX	2017	October	102.676751	99.31864314
FOOD PRICE INDEX	2017	October	98.91213223	99.31864314
FAO CEREAL PRICE INDEX	2017	November	92.14977642	99.58138375
FAO DAIRY FOOD PRICE INDEX	2017	November	111.3747396	99.58138375
FAO MEAT PRICE INDEX	2017	November	98.4295541	99.58138375
FAO SUGAR PRICE INDEX	2017	November	92.74711968	99.58138375
FAO VEGETABLE OIL PRICE INDEX	2017	November	103.8529041	99.58138375
FOOD PRICE INDEX	2017	November	98.93420858	99.58138375
FAO CEREAL PRICE INDEX	2017	December	92.42046016	96.52170644
FAO DAIRY FOOD PRICE INDEX	2017	December	107.2698327	96.52170644
FAO MEAT PRICE INDEX	2017	December	96.08213693	96.52170644
FAO SUGAR PRICE INDEX	2017	December	88.98868267	96.52170644
FAO VEGETABLE OIL PRICE INDEX	2017	December	97.96306014	96.52170644
FOOD PRICE INDEX	2017	December	96.40606602	96.52170644
FAO CEREAL PRICE INDEX	2018	January	95.20198578	96.51419601
FAO DAIRY FOOD PRICE INDEX	2018	January	105.998144	96.51419601
FAO MEAT PRICE INDEX	2018	January	95.6335073	96.51419601
FAO SUGAR PRICE INDEX	2018	January	87.19708883	96.51419601
FAO VEGETABLE OIL PRICE INDEX	2018	January	98.25150285	96.51419601
FOOD PRICE INDEX	2018	January	96.8029473	96.51419601
FAO CEREAL PRICE INDEX	2018	February	98.3705892	96.91554662
FAO DAIRY FOOD PRICE INDEX	2018	February	108.757192	96.91554662
FAO MEAT PRICE INDEX	2018	February	96.96319483	96.91554662
FAO SUGAR PRICE INDEX	2018	February	83.92642442	96.91554662
FAO VEGETABLE OIL PRICE INDEX	2018	February	95.60057001	96.91554662
FOOD PRICE INDEX	2018	February	97.8753092	96.91554662
FAO CEREAL PRICE INDEX	2018	March	101.7959176	97.59789421
FAO DAIRY FOOD PRICE INDEX	2018	March	111.2931874	97.59789421
FAO MEAT PRICE INDEX	2018	March	97.18981526	97.59789421
FAO SUGAR PRICE INDEX	2018	March	80.91125996	97.59789421
FAO VEGETABLE OIL PRICE INDEX	2018	March	95.35511881	97.59789421
FOOD PRICE INDEX	2018	March	99.04206624	97.59789421
FAO CEREAL PRICE INDEX	2018	April	103.9685507	96.54942663
FAO DAIRY FOOD PRICE INDEX	2018	April	109.9883126	96.54942663
FAO MEAT PRICE INDEX	2018	April	95.93906664	96.54942663
FAO SUGAR PRICE INDEX	2018	April	76.82090343	96.54942663
FAO VEGETABLE OIL PRICE INDEX	2018	April	94.02173461	96.54942663
FOOD PRICE INDEX	2018	April	98.55799183	96.54942663
FAO CEREAL PRICE INDEX	2018	May	105.5307266	96.59372147
FAO DAIRY FOOD PRICE INDEX	2018	May	111.4192791	96.59372147
FAO MEAT PRICE INDEX	2018	May	95.34097805	96.59372147
FAO SUGAR PRICE INDEX	2018	May	76.44583799	96.59372147
FAO VEGETABLE OIL PRICE INDEX	2018	May	92.15273547	96.59372147
FOOD PRICE INDEX	2018	May	98.67277159	96.59372147
FAO CEREAL PRICE INDEX	2018	June	100.847424	95.31085406
FAO DAIRY FOOD PRICE INDEX	2018	June	112.2805641	95.31085406
FAO MEAT PRICE INDEX	2018	June	95.08663138	95.31085406
FAO SUGAR PRICE INDEX	2018	June	77.36608784	95.31085406
FAO VEGETABLE OIL PRICE INDEX	2018	June	89.33342532	95.31085406
FOOD PRICE INDEX	2018	June	96.95099172	95.31085406
FAO CEREAL PRICE INDEX	2018	July	98.72036301	93.00450402
FAO DAIRY FOOD PRICE INDEX	2018	July	110.1286617	93.00450402
FAO MEAT PRICE INDEX	2018	July	94.63847506	93.00450402
FAO SUGAR PRICE INDEX	2018	July	72.50483788	93.00450402
FAO VEGETABLE OIL PRICE INDEX	2018	July	86.89950739	93.00450402
FOOD PRICE INDEX	2018	July	95.1351791	93.00450402
FAO CEREAL PRICE INDEX	2018	August	103.4888617	92.78780762
FAO DAIRY FOOD PRICE INDEX	2018	August	108.4579527	92.78780762
FAO MEAT PRICE INDEX	2018	August	95.77583936	92.78780762
FAO SUGAR PRICE INDEX	2018	August	68.60444268	92.78780762
FAO VEGETABLE OIL PRICE INDEX	2018	August	84.43017309	92.78780762
FOOD PRICE INDEX	2018	August	95.96957618	92.78780762
FAO CEREAL PRICE INDEX	2018	September	100.3430994	91.60639357
FAO DAIRY FOOD PRICE INDEX	2018	September	108.2918586	91.60639357
FAO MEAT PRICE INDEX	2018	September	94.05320035	91.60639357
FAO SUGAR PRICE INDEX	2018	September	70.37652904	91.60639357
FAO VEGETABLE OIL PRICE INDEX	2018	September	82.33424365	91.60639357
FOOD PRICE INDEX	2018	September	94.23943041	91.60639357
FAO CEREAL PRICE INDEX	2018	October	100.870673	91.18814429
FAO DAIRY FOOD PRICE INDEX	2018	October	102.8037264	91.18814429
FAO MEAT PRICE INDEX	2018	October	92.31749672	91.18814429
FAO SUGAR PRICE INDEX	2018	October	76.50012871	91.18814429
FAO VEGETABLE OIL PRICE INDEX	2018	October	81.32798869	91.18814429
FOOD PRICE INDEX	2018	October	93.30885216	91.18814429
FAO CEREAL PRICE INDEX	2018	November	99.63373081	90.1937975
FAO DAIRY FOOD PRICE INDEX	2018	November	99.99313476	90.1937975
FAO MEAT PRICE INDEX	2018	November	92.88897923	90.1937975
FAO SUGAR PRICE INDEX	2018	November	79.86080882	90.1937975
FAO VEGETABLE OIL PRICE INDEX	2018	November	76.59059714	90.1937975
FOOD PRICE INDEX	2018	November	92.19553425	90.1937975
FAO CEREAL PRICE INDEX	2018	December	101.0960414	89.87222806
FAO DAIRY FOOD PRICE INDEX	2018	December	97.84823706	89.87222806
FAO MEAT PRICE INDEX	2018	December	92.89387086	89.87222806
FAO SUGAR PRICE INDEX	2018	December	78.31028829	89.87222806
FAO VEGETABLE OIL PRICE INDEX	2018	December	76.83532726	89.87222806
FOOD PRICE INDEX	2018	December	92.24960346	89.87222806
FAO CEREAL PRICE INDEX	2019	January	101.7699716	91.31718374
FAO DAIRY FOOD PRICE INDEX	2019	January	100.9469787	91.31718374
FAO MEAT PRICE INDEX	2019	January	92.26988564	91.31718374
FAO SUGAR PRICE INDEX	2019	January	79.34321851	91.31718374
FAO VEGETABLE OIL PRICE INDEX	2019	January	80.25798759	91.31718374
FOOD PRICE INDEX	2019	January	93.31506032	91.31718374
FAO CEREAL PRICE INDEX	2019	February	100.7374085	92.28325113
FAO DAIRY FOOD PRICE INDEX	2019	February	103.7642895	92.28325113
FAO MEAT PRICE INDEX	2019	February	93.09461834	92.28325113
FAO SUGAR PRICE INDEX	2019	February	80.30919955	92.28325113
FAO VEGETABLE OIL PRICE INDEX	2019	February	81.78416354	92.28325113
FOOD PRICE INDEX	2019	February	94.00982725	92.28325113
FAO CEREAL PRICE INDEX	2019	March	97.5125532	91.32889404
FAO DAIRY FOOD PRICE INDEX	2019	March	105.6475341	91.32889404
FAO MEAT PRICE INDEX	2019	March	94.57807371	91.32889404
FAO SUGAR PRICE INDEX	2019	March	78.66274264	91.32889404
FAO VEGETABLE OIL PRICE INDEX	2019	March	78.41404559	91.32889404
FOOD PRICE INDEX	2019	March	93.15841497	91.32889404
FAO CEREAL PRICE INDEX	2019	April	94.63380322	91.74950358
FAO DAIRY FOOD PRICE INDEX	2019	April	106.1280062	91.74950358
FAO MEAT PRICE INDEX	2019	April	97.75572565	91.74950358
FAO SUGAR PRICE INDEX	2019	April	79.2560158	91.74950358
FAO VEGETABLE OIL PRICE INDEX	2019	April	79.11210045	91.74950358
FOOD PRICE INDEX	2019	April	93.61137017	91.74950358
FAO CEREAL PRICE INDEX	2019	May	94.44359878	91.84607969
FAO DAIRY FOOD PRICE INDEX	2019	May	106.592841	91.84607969
FAO MEAT PRICE INDEX	2019	May	100.5353205	91.84607969
FAO SUGAR PRICE INDEX	2019	May	76.73557604	91.84607969
FAO VEGETABLE OIL PRICE INDEX	2019	May	78.50147759	91.84607969
FOOD PRICE INDEX	2019	May	94.26766426	91.84607969
FAO CEREAL PRICE INDEX	2019	June	99.19063243	92.68719015
FAO DAIRY FOOD PRICE INDEX	2019	June	102.8910844	92.68719015
FAO MEAT PRICE INDEX	2019	June	101.230479	92.68719015
FAO SUGAR PRICE INDEX	2019	June	79.94407335	92.68719015
FAO VEGETABLE OIL PRICE INDEX	2019	June	77.46187859	92.68719015
FOOD PRICE INDEX	2019	June	95.40499303	92.68719015
FAO CEREAL PRICE INDEX	2019	July	97.55139614	92.28736168
FAO DAIRY FOOD PRICE INDEX	2019	July	101.0642112	92.28736168
FAO MEAT PRICE INDEX	2019	July	102.4421377	92.28736168
FAO SUGAR PRICE INDEX	2019	July	79.42907588	92.28736168
FAO VEGETABLE OIL PRICE INDEX	2019	July	78.09033426	92.28736168
FOOD PRICE INDEX	2019	July	95.14701488	92.28736168
FAO CEREAL PRICE INDEX	2019	August	92.62567031	91.35041342
FAO DAIRY FOOD PRICE INDEX	2019	August	100.2996521	91.35041342
FAO MEAT PRICE INDEX	2019	August	102.2743375	91.35041342
FAO SUGAR PRICE INDEX	2019	August	76.2292377	91.35041342
FAO VEGETABLE OIL PRICE INDEX	2019	August	82.58940549	91.35041342
FOOD PRICE INDEX	2019	August	94.08417736	91.35041342
FAO CEREAL PRICE INDEX	2019	September	91.83731564	90.54343085
FAO DAIRY FOOD PRICE INDEX	2019	September	99.63812689	90.54343085
FAO MEAT PRICE INDEX	2019	September	101.0167156	90.54343085
FAO SUGAR PRICE INDEX	2019	September	73.51148673	90.54343085
FAO VEGETABLE OIL PRICE INDEX	2019	September	83.88830545	90.54343085
FOOD PRICE INDEX	2019	September	93.36863477	90.54343085
FAO CEREAL PRICE INDEX	2019	October	95.97784801	92.57958736
FAO DAIRY FOOD PRICE INDEX	2019	October	100.8202232	92.57958736
FAO MEAT PRICE INDEX	2019	October	101.5512737	92.57958736
FAO SUGAR PRICE INDEX	2019	October	77.77161278	92.57958736
FAO VEGETABLE OIL PRICE INDEX	2019	October	84.10921673	92.57958736
FOOD PRICE INDEX	2019	October	95.24734977	92.57958736
FAO CEREAL PRICE INDEX	2019	November	95.56910968	95.9215121
FAO DAIRY FOOD PRICE INDEX	2019	November	102.4534845	95.9215121
FAO MEAT PRICE INDEX	2019	November	106.5263202	95.9215121
FAO SUGAR PRICE INDEX	2019	November	79.19024539	95.9215121
FAO VEGETABLE OIL PRICE INDEX	2019	November	93.16373719	95.9215121
FOOD PRICE INDEX	2019	November	98.62617561	95.9215121
FAO CEREAL PRICE INDEX	2019	December	97.39705696	98.84852415
FAO DAIRY FOOD PRICE INDEX	2019	December	103.5429524	98.84852415
FAO MEAT PRICE INDEX	2019	December	106.647994	98.84852415
FAO SUGAR PRICE INDEX	2019	December	82.99769542	98.84852415
FAO VEGETABLE OIL PRICE INDEX	2019	December	101.4986615	98.84852415
FOOD PRICE INDEX	2019	December	101.0067847	98.84852415
FAO CEREAL PRICE INDEX	2020	January	100.6874972	101.1550864
FAO DAIRY FOOD PRICE INDEX	2020	January	103.8447939	101.1550864
FAO MEAT PRICE INDEX	2020	January	103.6103257	101.1550864
FAO SUGAR PRICE INDEX	2020	January	87.5402737	101.1550864
FAO VEGETABLE OIL PRICE INDEX	2020	January	108.7325264	101.1550864
FOOD PRICE INDEX	2020	January	102.5151015	101.1550864
FAO CEREAL PRICE INDEX	2020	February	99.57640009	98.55200739
FAO DAIRY FOOD PRICE INDEX	2020	February	102.8515643	98.55200739
FAO MEAT PRICE INDEX	2020	February	100.4631073	98.55200739
FAO SUGAR PRICE INDEX	2020	February	91.44864312	98.55200739
FAO VEGETABLE OIL PRICE INDEX	2020	February	97.55334488	98.55200739
FOOD PRICE INDEX	2020	February	99.41898468	98.55200739
FAO CEREAL PRICE INDEX	2020	March	98.02389815	92.25330647
FAO DAIRY FOOD PRICE INDEX	2020	March	101.524563	92.25330647
FAO MEAT PRICE INDEX	2020	March	99.42505657	92.25330647
FAO SUGAR PRICE INDEX	2020	March	73.94424527	92.25330647
FAO VEGETABLE OIL PRICE INDEX	2020	March	85.42483703	92.25330647
FOOD PRICE INDEX	2020	March	95.17723882	92.25330647
FAO CEREAL PRICE INDEX	2020	April	99.64731046	88.1985641
FAO DAIRY FOOD PRICE INDEX	2020	April	95.75367239	88.1985641
FAO MEAT PRICE INDEX	2020	April	96.90645775	88.1985641
FAO SUGAR PRICE INDEX	2020	April	63.17950547	88.1985641
FAO VEGETABLE OIL PRICE INDEX	2020	April	81.17756292	88.1985641
FOOD PRICE INDEX	2020	April	92.52687559	88.1985641
FAO CEREAL PRICE INDEX	2020	May	98.01899699	87.43500199
FAO DAIRY FOOD PRICE INDEX	2020	May	94.42547441	87.43500199
FAO MEAT PRICE INDEX	2020	May	95.41591324	87.43500199
FAO SUGAR PRICE INDEX	2020	May	67.84539992	87.43500199
FAO VEGETABLE OIL PRICE INDEX	2020	May	77.76886682	87.43500199
FOOD PRICE INDEX	2020	May	91.13536059	87.43500199
FAO CEREAL PRICE INDEX	2020	June	97.30962223	90.87812137
FAO DAIRY FOOD PRICE INDEX	2020	June	98.33259153	90.87812137
FAO MEAT PRICE INDEX	2020	June	94.81641037	90.87812137
FAO SUGAR PRICE INDEX	2020	June	74.94060661	90.87812137
FAO VEGETABLE OIL PRICE INDEX	2020	June	86.61365414	90.87812137
FOOD PRICE INDEX	2020	June	93.25584335	90.87812137
FAO CEREAL PRICE INDEX	2020	July	97.27359343	92.42362972
FAO DAIRY FOOD PRICE INDEX	2020	July	101.7873638	92.42362972
FAO MEAT PRICE INDEX	2020	July	92.22705105	92.42362972
FAO SUGAR PRICE INDEX	2020	July	76.01190358	92.42362972
FAO VEGETABLE OIL PRICE INDEX	2020	July	93.20041478	92.42362972
FOOD PRICE INDEX	2020	July	94.04145171	92.42362972
FAO CEREAL PRICE INDEX	2020	August	99.21767595	94.87214705
FAO DAIRY FOOD PRICE INDEX	2020	August	102.1004454	94.87214705
FAO MEAT PRICE INDEX	2020	August	92.20301752	94.87214705
FAO SUGAR PRICE INDEX	2020	August	81.09397041	94.87214705
FAO VEGETABLE OIL PRICE INDEX	2020	August	98.70182857	94.87214705
FOOD PRICE INDEX	2020	August	95.91594445	94.87214705
FAO CEREAL PRICE INDEX	2020	September	104.3273445	96.61468511
FAO DAIRY FOOD PRICE INDEX	2020	September	102.3182397	96.61468511
FAO MEAT PRICE INDEX	2020	September	91.47403329	96.61468511
FAO SUGAR PRICE INDEX	2020	September	78.96065176	96.61468511
FAO VEGETABLE OIL PRICE INDEX	2020	September	104.5963436	96.61468511
FOOD PRICE INDEX	2020	September	98.01149789	96.61468511
FAO CEREAL PRICE INDEX	2020	October	112.088344	100.148126
FAO DAIRY FOOD PRICE INDEX	2020	October	104.4799346	100.148126
FAO MEAT PRICE INDEX	2020	October	91.78344325	100.148126
FAO SUGAR PRICE INDEX	2020	October	84.71040496	100.148126
FAO VEGETABLE OIL PRICE INDEX	2020	October	106.4502482	100.148126
FOOD PRICE INDEX	2020	October	101.376381	100.148126
FAO CEREAL PRICE INDEX	2020	November	114.8435136	104.7601916
FAO DAIRY FOOD PRICE INDEX	2020	November	105.3818861	104.7601916
FAO MEAT PRICE INDEX	2020	November	93.31812058	104.7601916
FAO SUGAR PRICE INDEX	2020	November	87.52817784	104.7601916
FAO VEGETABLE OIL PRICE INDEX	2020	November	121.9034502	104.7601916
FOOD PRICE INDEX	2020	November	105.5860013	104.7601916
FAO CEREAL PRICE INDEX	2020	December	116.3865504	107.8923951
FAO DAIRY FOOD PRICE INDEX	2020	December	109.1856849	107.8923951
FAO MEAT PRICE INDEX	2020	December	94.84511619	107.8923951
FAO SUGAR PRICE INDEX	2020	December	87.14082901	107.8923951
FAO VEGETABLE OIL PRICE INDEX	2020	December	131.1993507	107.8923951
FOOD PRICE INDEX	2020	December	108.5968396	107.8923951
FAO CEREAL PRICE INDEX	2021	January	125.0094082	113.1293819
FAO DAIRY FOOD PRICE INDEX	2021	January	111.2467226	113.1293819
FAO MEAT PRICE INDEX	2021	January	95.96084763	113.1293819
FAO SUGAR PRICE INDEX	2021	January	94.15924106	113.1293819
FAO VEGETABLE OIL PRICE INDEX	2021	January	138.8745384	113.1293819
FOOD PRICE INDEX	2021	January	113.5255332	113.1293819
FAO CEREAL PRICE INDEX	2021	February	126.1471906	116.8661881
FAO DAIRY FOOD PRICE INDEX	2021	February	113.0742158	116.8661881
FAO MEAT PRICE INDEX	2021	February	97.76818938	116.8661881
FAO SUGAR PRICE INDEX	2021	February	100.1745406	116.8661881
FAO VEGETABLE OIL PRICE INDEX	2021	February	147.4624816	116.8661881
FOOD PRICE INDEX	2021	February	116.5705107	116.8661881
FAO CEREAL PRICE INDEX	2021	March	123.9083954	119.4766192
FAO DAIRY FOOD PRICE INDEX	2021	March	117.4598033	119.4766192
FAO MEAT PRICE INDEX	2021	March	100.7627394	119.4766192
FAO SUGAR PRICE INDEX	2021	March	96.19743635	119.4766192
FAO VEGETABLE OIL PRICE INDEX	2021	March	159.3020108	119.4766192
FOOD PRICE INDEX	2021	March	119.2293297	119.4766192
FAO CEREAL PRICE INDEX	2021	April	126.2007689	122.3159242
FAO DAIRY FOOD PRICE INDEX	2021	April	119.105057	122.3159242
FAO MEAT PRICE INDEX	2021	April	104.3452989	122.3159242
FAO SUGAR PRICE INDEX	2021	April	99.98682033	122.3159242
FAO VEGETABLE OIL PRICE INDEX	2021	April	162.1913308	122.3159242
FOOD PRICE INDEX	2021	April	122.0662694	122.3159242
FAO CEREAL PRICE INDEX	2021	May	133.6953871	128.6686729
FAO DAIRY FOOD PRICE INDEX	2021	May	121.1313484	128.6686729
FAO MEAT PRICE INDEX	2021	May	107.3844077	128.6686729
FAO SUGAR PRICE INDEX	2021	May	106.7994152	128.6686729
FAO VEGETABLE OIL PRICE INDEX	2021	May	174.8759206	128.6686729
FOOD PRICE INDEX	2021	May	128.1255587	128.6686729
FAO CEREAL PRICE INDEX	2021	June	130.3146289	125.2674707
FAO DAIRY FOOD PRICE INDEX	2021	June	119.9135393	125.2674707
FAO MEAT PRICE INDEX	2021	June	110.6865716	125.2674707
FAO SUGAR PRICE INDEX	2021	June	107.7319217	125.2674707
FAO VEGETABLE OIL PRICE INDEX	2021	June	157.6805278	125.2674707
FOOD PRICE INDEX	2021	June	125.2776346	125.2674707
FAO CEREAL PRICE INDEX	2021	July	126.2570999	124.4520484
FAO DAIRY FOOD PRICE INDEX	2021	July	116.7295797	124.4520484
FAO MEAT PRICE INDEX	2021	July	114.1132984	124.4520484
FAO SUGAR PRICE INDEX	2021	July	109.5519267	124.4520484
FAO VEGETABLE OIL PRICE INDEX	2021	July	155.4955275	124.4520484
FOOD PRICE INDEX	2021	July	124.5648584	124.4520484
FAO CEREAL PRICE INDEX	2021	August	130.3882585	129.0575339
FAO DAIRY FOOD PRICE INDEX	2021	August	116.1613305	129.0575339
FAO MEAT PRICE INDEX	2021	August	113.4328996	129.0575339
FAO SUGAR PRICE INDEX	2021	August	120.5422818	129.0575339
FAO VEGETABLE OIL PRICE INDEX	2021	August	165.8622971	129.0575339
FOOD PRICE INDEX	2021	August	127.9581359	129.0575339
FAO CEREAL PRICE INDEX	2021	September	132.8369698	130.4332167
FAO DAIRY FOOD PRICE INDEX	2021	September	118.1310914	130.4332167
FAO MEAT PRICE INDEX	2021	September	112.6819129	130.4332167
FAO SUGAR PRICE INDEX	2021	September	121.1892697	130.4332167
FAO VEGETABLE OIL PRICE INDEX	2021	September	168.5708639	130.4332167
FOOD PRICE INDEX	2021	September	129.1891923	130.4332167
FAO CEREAL PRICE INDEX	2021	October	137.1427796	134.6164854
FAO DAIRY FOOD PRICE INDEX	2021	October	121.4597105	134.6164854
FAO MEAT PRICE INDEX	2021	October	111.9692548	134.6164854
FAO SUGAR PRICE INDEX	2021	October	119.0653277	134.6164854
FAO VEGETABLE OIL PRICE INDEX	2021	October	184.8374714	134.6164854
FOOD PRICE INDEX	2021	October	133.2243685	134.6164854
FAO CEREAL PRICE INDEX	2021	November	141.4447493	136.6658578
FAO DAIRY FOOD PRICE INDEX	2021	November	125.985689	136.6658578
FAO MEAT PRICE INDEX	2021	November	112.5096447	136.6658578
FAO SUGAR PRICE INDEX	2021	November	120.1850319	136.6658578
FAO VEGETABLE OIL PRICE INDEX	2021	November	184.5551788	136.6658578
FOOD PRICE INDEX	2021	November	135.3148529	136.6658578
FAO CEREAL PRICE INDEX	2021	December	140.4949807	134.8528039
FAO DAIRY FOOD PRICE INDEX	2021	December	128.9629368	134.8528039
FAO MEAT PRICE INDEX	2021	December	111.0298585	134.8528039
FAO SUGAR PRICE INDEX	2021	December	116.4325022	134.8528039
FAO VEGETABLE OIL PRICE INDEX	2021	December	178.505442	134.8528039
FOOD PRICE INDEX	2021	December	133.6911031	134.8528039
FAO CEREAL PRICE INDEX	2022	January	140.6476289	136.6029578
FAO DAIRY FOOD PRICE INDEX	2022	January	132.632832	136.6029578
FAO MEAT PRICE INDEX	2022	January	112.1449636	136.6029578
FAO SUGAR PRICE INDEX	2022	January	112.667515	136.6029578
FAO VEGETABLE OIL PRICE INDEX	2022	January	185.9314419	136.6029578
FOOD PRICE INDEX	2022	January	135.5933655	136.6029578
FAO CEREAL PRICE INDEX	2022	February	145.2747764	142.4826624
FAO DAIRY FOOD PRICE INDEX	2022	February	141.5295551	142.4826624
FAO MEAT PRICE INDEX	2022	February	114.4239504	142.4826624
FAO SUGAR PRICE INDEX	2022	February	110.5311288	142.4826624
FAO VEGETABLE OIL PRICE INDEX	2022	February	201.7176755	142.4826624
FOOD PRICE INDEX	2022	February	141.4188881	142.4826624
FAO CEREAL PRICE INDEX	2022	March	170.1312761	160.178639
FAO DAIRY FOOD PRICE INDEX	2022	March	145.1860226	160.178639
FAO MEAT PRICE INDEX	2022	March	119.9500658	160.178639
FAO SUGAR PRICE INDEX	2022	March	117.9139699	160.178639
FAO VEGETABLE OIL PRICE INDEX	2022	March	248.5977068	160.178639
FOOD PRICE INDEX	2022	March	159.2927926	160.178639
